hedge_fund,date,市值,加碼,減碼,年化報酬
Yacktman Asset Management,2014/1/31,16595707838,0,0,0.1
Yacktman Asset Management,2014/5/6,17466919789,202600441.2,400272971.4,0.271016439
Yacktman Asset Management,2014/8/4,17321032930,139060674.9,436190524.2,0.151128375
Yacktman Asset Management,2014/11/4,32416920193,15444689445,1231605322,0.172591091
Yacktman Asset Management,2015/2/2,16900380562,1185173000,16351400826,0.088546217
Yacktman Asset Management,2015/4/30,16251368714,14070939.65,1079583617,0.091529724
Yacktman Asset Management,2015/8/10,13869342192,102615726.2,2062481703,0.062630558
Yacktman Asset Management,2015/11/9,12245757778,12161488.54,1728022201,0.058903235
Yacktman Asset Management,2016/2/4,9756157139,5200955.69,2166823526,0.044702708
Yacktman Asset Management,2016/5/6,9608223356,9097427.84,783993320.3,0.05842692
Yacktman Asset Management,2016/8/1,9366623532,5140811.58,849357565,0.069849585
Yacktman Asset Management,2016/11/1,8492182562,1003604.79,755193604,0.063516493
Yacktman Asset Management,2017/1/31,8093026767,88581.78,602470230.9,0.065049045
Yacktman Asset Management,2017/5/3,8142831980,50700400.5,483247140.2,0.07208567
Yacktman Asset Management,2017/8/3,8201171250,0,359209229.2,0.077161967
Yacktman Asset Management,2017/11/3,8391418237,16458391.64,61201447.21,0.078554093
Yacktman Asset Management,2018/2/2,7994412408,693884,826757577.8,0.082964047
Yacktman Asset Management,2018/5/9,6953556005,16059806.48,452817583.4,0.070746295
Yacktman Asset Management,2018/8/3,6564867651,19380424.45,859395054.7,0.07594801
Yacktman Asset Management,2018/11/8,6778760825,55878737.24,162405664.1,0.078715453
Yacktman Asset Management,2019/2/4,6555691324,237627817.9,464062757.7,0.077030028
Yacktman Asset Management,2019/5/2,7495916026,17313583.8,604060314,0.095050022
Yacktman Asset Management,2019/8/2,7496262548,90133621.6,485872603.8,0.097631035
Yacktman Asset Management,2019/11/5,7365387417,480794874.4,719082799.1,0.09678567
Yacktman Asset Management,2020/2/4,6947102944,162921771.7,946922359.2,0.098834179
Yacktman Asset Management,2020/5/4,5602848441,620673588.5,878428197.8,0.085688531
Yacktman Asset Management,2020/8/6,5571767971,256265.35,854823334.6,0.092959275
Yacktman Asset Management,2020/10/30,5542999649,192293651.2,45364493.36,0.090078545
Yacktman Asset Management,2021/2/1,6897669594,295527217.1,429796797,0.102591452
Yacktman Asset Management,2021/5/4,8396714849,174141173.4,528174042.9,0.116040098
Yacktman Asset Management,2021/8/3,8516762041,398592090.3,266480422.3,0.114239592
Yacktman Asset Management,2021/11/1,9091756600,272806830.1,323847021.9,0.117020127
Yacktman Asset Management,2022/2/2,9367117953,59172527.9,264004172.9,0.118476818
Yacktman Asset Management,2022/5/2,8752350492,73142898.56,454072515.1,0.115320417
Yacktman Asset Management,2022/8/4,8398427890,16800299.92,138002919.9,0.112274384
Yacktman Asset Management,2022/11/7,8892112896,561281934.5,716945605.8,0.114788516
Yacktman Asset Management,2023/1/26,9097343259,208110336.8,348810297.7,0.115549714
Yacktman Asset Management,2023/5/8,9016162294,291062241.7,115054720.7,0.112527793
Yacktman Asset Management,2023/8/8,9423754486,30491587.59,110326838.1,0.113842363
Yacktman Asset Management,2023/11/1,8632726172,7121840.71,332960551.9,0.110095602
Donald Smith,2014/2/7,4298109249,0,0,0.1
Donald Smith,2014/5/14,4984936957,14933829.22,208675605.5,1.031170605
Donald Smith,2014/8/12,5007349707,889041278.2,1052670283,0.557624206
Donald Smith,2014/11/7,4433477385,445991734.3,286124513.8,0.109373947
Donald Smith,2015/2/3,4299217455,428106745.2,116492147.8,-0.027762196
Donald Smith,2015/5/12,4554440438,53659143.27,141597515.9,0.043560812
Donald Smith,2015/8/12,3596868969,93543007.29,250355942.1,-0.092067815
Donald Smith,2015/11/12,3133086086,185219956,173526074.6,-0.150026206
Donald Smith,2016/2/9,2493131753,196404704.7,105545562.2,-0.239902339
Donald Smith,2016/5/3,3058872721,39270470.73,221274781.8,-0.117966483
Donald Smith,2016/8/11,2847863562,85470350.06,224682523,-0.114345588
Donald Smith,2016/11/8,2945594010,107773880.1,69526926.77,-0.099184749
Donald Smith,2017/2/9,3670504082,262749822.6,212487328.1,-0.030274816
Donald Smith,2017/5/11,3300734584,48987636.5,268076891.3,-0.040133547
Donald Smith,2017/8/11,3581120709,414184742.7,42694336.09,-0.044550182
Donald Smith,2017/11/8,3720693992,96895622.25,252604426.1,-0.020829088
Donald Smith,2018/2/13,3667680033,324785100.5,366153986.5,-0.020242871
Donald Smith,2018/5/3,3746049614,155581328.4,326036870.1,-0.004401429
Donald Smith,2018/8/9,3506005626,185870325.5,310270018.8,-0.010593193
Donald Smith,2018/11/9,3024856523,74482866.18,102921530.4,-0.035606412
Donald Smith,2019/2/8,2720116354,115960024,85707381.61,-0.053910364
Donald Smith,2019/5/10,2260460892,6150765.92,433388524,-0.053615749
Donald Smith,2019/8/12,2071572551,46377950.46,207609183.7,-0.053369583
Donald Smith,2019/11/1,2045932123,190686483.3,157722424.2,-0.055314984
Donald Smith,2020/2/10,1967846711,28547127.7,166647067.9,-0.050128393
Donald Smith,2020/5/11,1463392963,79858154.74,80486171.11,-0.07863879
Donald Smith,2020/8/13,1674530954,41527021.62,246425687.1,-0.052144272
Donald Smith,2020/11/5,1473953098,67955638.98,269036397.3,-0.051012429
Donald Smith,2021/2/10,1844247884,38271346.42,139293558.5,-0.026952613
Donald Smith,2021/5/10,1998304050,25921587.23,268118263.8,-0.009842581
Donald Smith,2021/8/10,1776356068,70968559.69,48881997.13,-0.019448159
Donald Smith,2021/11/12,2048604697,92425928.77,47424741.89,-0.010097688
Donald Smith,2022/2/7,2119165788,103497629.6,84026091.27,-0.008008564
Donald Smith,2022/5/9,2024183817,121189130.9,319031015.7,-0.004177993
Donald Smith,2022/8/12,2142530006,146234363.1,153422108.2,0.000161355
Donald Smith,2022/11/4,2175055890,36206377.58,45586682.41,0.001525639
Donald Smith,2023/2/9,2462036074,126221516,190391734.5,0.012144234
Donald Smith,2023/5/17,2299193829,96881869.12,128221457.4,0.008125521
Donald Smith,2023/8/10,2565801525,67519651.08,97813304.4,0.016246576
Donald Smith,2023/11/13,2409410879,76485499.56,113157676,0.012776573
Chou Associates Management,2014/2/11,145775805.7,0,0,0.1
Chou Associates Management,2014/5/14,130497741.3,0,1783100,-0.319823375
Chou Associates Management,2014/8/13,203865950.4,0,0,0.992845364
Chou Associates Management,2014/11/12,219043957.6,0,3987044.3,0.787148441
Chou Associates Management,2015/2/13,141766149.9,0,675047.93,0.016886345
Chou Associates Management,2015/4/13,143068482.3,0,0,0.022373526
Chou Associates Management,2015/8/11,105887159.4,0,0,-0.164458827
Chou Associates Management,2015/11/4,94262644.95,2128620.62,0,-0.209305012
Chou Associates Management,2016/2/16,68680333.16,1817634.39,0,-0.311116853
Chou Associates Management,2016/5/13,101520391.4,1071158.48,0,-0.147647546
Chou Associates Management,2016/8/8,104991697.6,0,0,-0.12215197
Chou Associates Management,2016/10/31,106168332,9611500,0,-0.139694734
Chou Associates Management,2017/2/14,117473579.6,7995306.6,0,-0.115848816
Chou Associates Management,2017/5/12,118459663.2,5376240,0,-0.118622587
Chou Associates Management,2017/8/15,132185752.9,9660000,0,-0.098351206
Chou Associates Management,2017/11/14,160214032.9,0,16510432.85,-0.000478035
Chou Associates Management,2018/2/14,92302089.25,0,70774378.21,0.004310273
Chou Associates Management,2018/5/11,132287828.2,30105000,0,0.019514702
Chou Associates Management,2018/8/14,158804868.1,0,305925.6,0.054850756
Chou Associates Management,2018/11/13,190795095.9,0,8492294,0.097475589
Chou Associates Management,2019/2/14,164963807.3,0,2618811.14,0.069238154
Chou Associates Management,2019/5/13,152893942.2,0,2035500,0.055979134
Chou Associates Management,2019/8/14,126552363.3,0,10843200,0.037298609
Chou Associates Management,2019/11/14,117940915.3,0,22912400,0.050754516
Chou Associates Management,2020/3/4,90901547.36,0,9474450,0.0315227
Chou Associates Management,2020/5/22,62485123.42,0,7576400,0.008235675
Chou Associates Management,2020/8/19,70743347.54,0,1697100,0.019059968
Chou Associates Management,2020/11/16,81374061.59,0,0,0.02945253
Chou Associates Management,2021/2/16,129398571.2,0,2111546.86,0.070592235
Chou Associates Management,2021/5/14,158280936.8,5167578.97,0,0.085113294
Chou Associates Management,2021/8/13,119255984.7,0,18523747.59,0.069741306
Chou Associates Management,2021/11/15,108844838.3,0,7229270,0.066234711
Chou Associates Management,2022/2/14,80744156.05,0,29506340,0.066007216
Chou Associates Management,2022/5/16,70061791.84,0,1185400,0.058963214
Chou Associates Management,2022/8/15,83032325.26,0,5511500,0.06988934
Chou Associates Management,2022/11/15,61545787.2,0,23967347.2,0.070500819
Chou Associates Management,2023/2/14,27354994.71,1783827.69,37622250,0.070834831
Chou Associates Management,2023/5/15,21551379.53,1693840,0,0.066357018
Chou Associates Management,2023/8/14,26726470.92,0,0,0.069041556
Chou Associates Management,2023/11/14,23044287.59,0,0,0.066791367
Peconic Partners,2014/2/12,775017691.5,0,0,0.1
Peconic Partners,2014/5/15,745360235,70076292.08,50606486.1,-0.22880319
Peconic Partners,2014/8/14,561971448.5,31252413,163646007.3,-0.238244838
Peconic Partners,2014/11/14,504924012.8,31895349.56,2246253,-0.320378396
Peconic Partners,2015/2/13,405479443.3,43488043.05,102125904.6,-0.312698045
Peconic Partners,2015/5/15,498151567.3,27405060.32,15703232.8,-0.169277688
Peconic Partners,2015/8/14,478406181.7,51652811.7,26360506.64,-0.193303516
Peconic Partners,2015/11/16,542589211.1,74200472.6,7769869.8,-0.170624695
Peconic Partners,2016/2/16,300623959.5,7378538.12,95179097.85,-0.291499298
Peconic Partners,2016/5/16,396085147.7,24307604.5,15569881.5,-0.189717976
Peconic Partners,2016/8/15,509037319.8,51775780.14,1741180.95,-0.126820508
Peconic Partners,2016/11/15,671988810.1,58219417.09,33897581.85,-0.032230067
Peconic Partners,2017/2/14,658803020.6,93121910.93,110740009.8,-0.027203137
Peconic Partners,2017/5/15,701289713.2,96152206.95,3927133.33,-0.048989056
Peconic Partners,2017/8/14,559960709.6,72080886.5,118188098.2,-0.090883233
Peconic Partners,2017/11/14,498908412.4,12843396.07,69411153.76,-0.086628509
Peconic Partners,2018/2/14,396346875.2,28186842.26,22365255.31,-0.135055603
Peconic Partners,2018/5/15,468867279.6,17653475.5,27702898.8,-0.088251467
Peconic Partners,2018/8/14,487562697.3,23841994.62,3335123.83,-0.084447173
Peconic Partners,2018/11/14,367628866.1,2637306.26,75898513.52,-0.099727447
Peconic Partners,2019/2/14,434819951.4,46696320.27,10224608.94,-0.082983241
Peconic Partners,2019/5/15,1668512185,855479917.3,36456610.15,0.04112755
Peconic Partners,2019/8/14,517932939.8,0,927108103.6,-0.01447347
Peconic Partners,2019/11/14,441736177.9,90817733,324083065.2,0.022460633
Peconic Partners,2020/2/14,368884477.6,27035159.84,30540458.7,0.00695682
Peconic Partners,2020/5/15,219186798.3,14802307.71,11871080,-0.03012433
Peconic Partners,2020/8/14,411424744,67390870.48,24142845.05,0.005897222
Peconic Partners,2020/11/16,642426786.9,44698471.34,7574763,0.042390771
Peconic Partners,2021/2/16,830110363,69744795.39,35098398.97,0.064799622
Peconic Partners,2021/5/17,999358395.5,86622715.88,58860116.58,0.081572595
Peconic Partners,2021/8/16,1053314901,82029481.55,18711129.04,0.078093815
Peconic Partners,2021/11/15,1217442482,107502715.2,26447182.53,0.085203082
Peconic Partners,2022/2/14,1087882117,85521804.38,33615546.34,0.061837513
Peconic Partners,2022/5/16,1120465222,46021705.58,8044700,0.059259337
Peconic Partners,2022/8/15,1544285467,121606682.7,2293450,0.088739554
Peconic Partners,2022/11/14,1604822235,181697512,746600,0.074627416
Peconic Partners,2023/2/14,1688146729,42850301.52,51194358.1,0.080226735
Peconic Partners,2023/5/15,1742849541,67328389.48,65816795.76,0.081948999
Peconic Partners,2023/8/14,1955967939,45498406.4,122192112,0.100490005
Peconic Partners,2023/11/14,1661841651,12894986.06,74433179.54,0.081095208
RR Advisors,2014/2/13,456019650,0,0,0.1
RR Advisors,2014/5/14,528964590,87439140,84647130,0.78661552
RR Advisors,2014/8/13,548284180,86990800,66788900,0.328946343
RR Advisors,2014/11/12,484382780,117778540,33014230,-0.222103483
RR Advisors,2015/2/12,458088220,32056980,74170180,-0.129759967
RR Advisors,2015/5/12,471875390,47983090,173029970,0.120880894
RR Advisors,2015/8/13,404233970,53024120,70450420,0.034647942
RR Advisors,2015/11/13,377502610,57527680,60843880,0.002002014
RR Advisors,2016/2/8,327270160,65106190,46574700,-0.077689099
RR Advisors,2016/5/16,453068630,18547500,70961940,0.102954407
RR Advisors,2016/8/12,574318340,37285290,70198620,0.206908998
RR Advisors,2016/11/14,648570370,58360290,117672400,0.266556887
RR Advisors,2017/2/13,557053450,61847430,66800040,0.202856297
RR Advisors,2017/5/15,516060710,81428870,63558550,0.15995171
RR Advisors,2017/8/14,493866600,32352630,48009840,0.147268658
RR Advisors,2017/11/13,475111750,56489490,17538300,0.111490519
RR Advisors,2018/2/12,456932640,48895100,43347310,0.094125298
RR Advisors,2018/5/11,514121830,27170940,24558380,0.113822199
RR Advisors,2018/8/10,624873450,93112460,24779210,0.124883478
RR Advisors,2018/11/9,710764890,161364900,11968010,0.094275585
RR Advisors,2019/2/8,610283890,75326260,60501410,0.041188792
RR Advisors,2019/5/16,690788760,109094120,1459850,0.026659873
RR Advisors,2019/8/9,619353100,18418900,33300200,-4.38E-05
RR Advisors,2019/11/8,595916660,52483780,42895490,-0.01494641
RR Advisors,2020/2/13,537357900,25632110,24405130,-0.041695789
RR Advisors,2020/5/8,220063170,17308080,57793960,-0.247280311
RR Advisors,2020/8/13,258760350,10174960,50848060,-0.151760486
RR Advisors,2020/11/12,253044020,50474650,12026970,-0.180201591
RR Advisors,2021/2/12,326494890,21644140,13974500,-0.121139914
RR Advisors,2021/5/12,407148420,12417700,7571850,-0.074113159
RR Advisors,2021/8/12,407017390,12583630,18616450,-0.067860963
RR Advisors,2021/11/12,470920850,5937890,38514810,-0.028183339
RR Advisors,2022/2/11,452606350,8900170,51763850,-0.019271482
RR Advisors,2022/5/12,493149460,84794130,50339640,-0.016803043
RR Advisors,2022/8/11,534683750,12474730,34217310,0.000863264
RR Advisors,2022/11/14,546213170,35954880,60773210,0.009507092
RR Advisors,2023/2/13,558583450,6659250,31074110,0.017237285
RR Advisors,2023/5/12,488416790,33614500,25241660,-0.000474226
RR Advisors,2023/8/14,496902520,3141600,40470400,0.009565181
RR Advisors,2023/12/5,548392060,12167340,10668210,0.019061843
Lodge Hill Capital,2014/2/13,163569788,0,0,0.1
Lodge Hill Capital,2014/5/15,241634432.7,70302805.3,5204250,0.357949511
Lodge Hill Capital,2014/8/14,315086731.8,83875075.25,30076211.12,0.363981345
Lodge Hill Capital,2014/11/14,254897809.6,17111978,57474599.6,0.076662464
Lodge Hill Capital,2015/2/17,340781486.1,29187150,24577578.54,0.410360601
Lodge Hill Capital,2015/5/15,317991381.2,42978979.8,49701191.27,0.26263666
Lodge Hill Capital,2015/8/13,322952950,35653710,64987812,0.302409627
Lodge Hill Capital,2015/11/16,296872999,76631066,9863980,0.047245377
Lodge Hill Capital,2016/2/16,248039871,44085208,10532441.98,-0.141985479
Lodge Hill Capital,2016/5/13,415439978.7,47859679,26358970,0.140095161
Lodge Hill Capital,2016/8/12,498258362.8,45965150,98607034,0.288918799
Lodge Hill Capital,2016/11/14,459832603.9,68747250,68276245,0.216709893
Lodge Hill Capital,2017/2/13,522121484.4,29566840,56513096,0.274047217
Lodge Hill Capital,2017/5/12,652829056.9,104083719,66783322.6,0.317393741
Lodge Hill Capital,2017/8/11,586416694.1,56875225,74411475.87,0.258967939
Lodge Hill Capital,2017/11/13,627347850.5,47489752.4,36619613.9,0.255692708
Lodge Hill Capital,2018/2/14,645109843,27525900,169641667.6,0.31318551
Lodge Hill Capital,2018/5/14,577471220.3,152106775,20367350,0.204317427
Lodge Hill Capital,2018/8/13,379558016.9,26852500,160033575,0.158914571
Lodge Hill Capital,2018/11/14,312011654.4,16160645,98960460.7,0.159263599
Lodge Hill Capital,2019/2/13,285805389.3,49510582.5,63316159.59,0.148130803
Lodge Hill Capital,2019/5/14,259481017.6,20032896.9,50454697,0.1455505
Lodge Hill Capital,2019/8/13,295729996.7,18219921.85,61377689.9,0.17355856
Lodge Hill Capital,2019/11/13,278356782.1,37468174,45752456.29,0.165939878
Lodge Hill Capital,2020/2/13,274229376.5,30575670.1,61150437.3,0.171179228
Lodge Hill Capital,2020/5/14,162718111.3,20558941.17,25737891.53,0.13016696
Lodge Hill Capital,2020/8/14,236071591.9,49072287.7,30263643.4,0.147685561
Lodge Hill Capital,2020/11/13,232419348.5,29220490,70009170,0.156711728
Lodge Hill Capital,2021/2/12,261403627.4,26757522.98,51721928.59,0.169339929
Lodge Hill Capital,2021/5/14,198384524.8,1008450,51079694.9,0.163294105
Lodge Hill Capital,2021/8/13,255744027.9,15023976.58,41602842.67,0.181359695
Lodge Hill Capital,2021/11/12,265304032,43481930.88,24638510,0.177034572
Lodge Hill Capital,2022/2/14,327645890.3,31128074.56,28070550,0.186592058
Lodge Hill Capital,2022/5/13,161215946.9,9684753.2,58209060.18,0.160059866
Lodge Hill Capital,2022/8/12,309150179.3,44710797.26,22679700,0.183336998
Lodge Hill Capital,2022/11/14,282097520,50265294.24,42623797.4,0.174926223
Lodge Hill Capital,2023/2/14,289340787.6,30156470,57708844.62,0.178808254
Lodge Hill Capital,2023/5/12,235497746.2,28143654.64,42780925,0.170517199
Lodge Hill Capital,2023/8/11,254312949.9,26103839.92,86576079.45,0.181254845
Lodge Hill Capital,2023/11/13,247817808.5,53425300,38468824.1,0.176619168
Contrarian Capital Management,2014/2/13,235952205.4,0,0,0.1
Contrarian Capital Management,2014/5/15,199848961.8,3160056.31,25884840.76,-0.20873673
Contrarian Capital Management,2014/8/14,229930259,38659194.9,12200735.25,-0.085258282
Contrarian Capital Management,2014/11/14,313246147.2,1713711.51,1678669.5,0.447914932
Contrarian Capital Management,2015/2/13,296069336.1,4182186.48,16824154.57,0.297537201
Contrarian Capital Management,2015/5/15,245134116.4,877099.51,51986885.01,0.233184547
Contrarian Capital Management,2015/8/12,233391900.7,972236.85,7986051.39,0.185296915
Contrarian Capital Management,2015/11/13,232679052.3,8835843.92,5434644.9,0.151441558
Contrarian Capital Management,2016/2/16,150016896.9,5062027,6397155.56,-0.051574829
Contrarian Capital Management,2016/5/13,123457787.6,139808.17,19920835.18,-0.063136655
Contrarian Capital Management,2016/8/12,132649124.8,5304187.8,638188.75,-0.048697776
Contrarian Capital Management,2016/11/14,157277158.8,36253236.63,42096757.22,0.013228592
Contrarian Capital Management,2017/2/14,318495707.7,51501925.45,3206348.29,0.172441856
Contrarian Capital Management,2017/5/15,250893293.3,26800023.12,17686482.61,0.064171421
Contrarian Capital Management,2017/8/14,440835074.3,28817751.43,7729816.6,0.231462482
Contrarian Capital Management,2017/11/14,467092338.2,64189281.01,6229758.7,0.188061166
Contrarian Capital Management,2018/2/14,676018849.5,49942118.03,23602274.56,0.291459761
Contrarian Capital Management,2018/5/15,1049375186,215940305.8,0,0.343810811
Contrarian Capital Management,2018/8/14,1037786066,23825864.13,127876524.2,0.348319061
Contrarian Capital Management,2018/11/14,952312570.1,42542356.51,46473882.86,0.292643538
Contrarian Capital Management,2019/2/14,955912670.8,35521496.89,38018843.65,0.273439695
Contrarian Capital Management,2019/5/15,893694411.1,61422618.26,1380002.89,0.212990474
Contrarian Capital Management,2019/8/14,689745510.6,30326678.27,31512712.64,0.11805426
Contrarian Capital Management,2019/11/14,533255298.8,20700661.7,146310584.1,0.096344804
Contrarian Capital Management,2020/2/13,511986755.9,17991094.68,41308738.96,0.092033863
Contrarian Capital Management,2020/5/15,159205768.3,49934.98,42805333.11,-0.086495598
Contrarian Capital Management,2020/8/14,212232726.8,1909912,5311537,-0.042311721
Contrarian Capital Management,2020/11/16,238666719.5,6576447.96,3671092.7,-0.026139767
Contrarian Capital Management,2021/2/16,306080913.9,540000,14560822.16,0.017170902
Contrarian Capital Management,2021/5/17,397881244.5,14768146.27,3905130.52,0.050083752
Contrarian Capital Management,2021/8/16,451320213,31717023.37,4320030.69,0.057593463
Contrarian Capital Management,2021/11/12,369796543.7,30771316.44,15024018.88,0.019507877
Contrarian Capital Management,2022/2/14,499984486.5,1337252.1,19288505.66,0.069102294
Contrarian Capital Management,2022/5/16,518172578.3,23499422.42,20101028.45,0.070879205
Contrarian Capital Management,2022/8/12,449731481.5,3048279.11,41621569.74,0.060396751
Contrarian Capital Management,2022/11/10,373791255.4,1881645.78,59257260.24,0.053471668
Contrarian Capital Management,2023/2/13,324361954.3,13104882.19,101210183.5,0.062304751
Contrarian Capital Management,2023/5/15,284574080.6,0,0,0.050813672
Contrarian Capital Management,2023/8/11,293600923.8,1868818.92,7323018.74,0.053660946
Contrarian Capital Management,2023/11/13,271478078.1,1190111.18,14762667.68,0.050530714
Dalal Street Holdings,2014/2/13,140597230.6,0,0,0.1
Dalal Street Holdings,2014/5/13,91183006.48,0,37991040,-0.293564539
Dalal Street Holdings,2014/8/13,171348007.2,0,0,1.442548284
Dalal Street Holdings,2014/11/12,141788192.2,0,9455590,0.596961462
Dalal Street Holdings,2015/2/12,201916543.8,17297.45,59821188,1.489561633
Dalal Street Holdings,2015/5/12,194582038.6,39700800.2,1078072.55,0.89417971
Dalal Street Holdings,2015/8/11,188595410.6,0,57750,0.699272397
Dalal Street Holdings,2015/11/12,159830689.6,0,47700,0.465761108
Dalal Street Holdings,2016/2/12,86769748.28,0,42840,0.082668948
Dalal Street Holdings,2016/5/13,189579684.8,0,15283.2,0.453913319
Dalal Street Holdings,2016/8/12,198371003.1,0,10146536.84,0.454903044
Dalal Street Holdings,2016/11/10,208393916.3,0,21150324,0.479556156
Dalal Street Holdings,2017/2/13,231504482.8,2205635.25,49594675.8,0.556885671
Dalal Street Holdings,2017/5/12,232617479.2,17005315,20332781.22,0.528221135
Dalal Street Holdings,2017/8/11,261687895.3,10796806.6,0,0.519238889
Dalal Street Holdings,2017/11/13,340610499.9,2407058.25,0,0.564190328
Dalal Street Holdings,2018/2/13,392548313.5,0,13397008.5,0.583066031
Dalal Street Holdings,2018/5/14,350289477.4,0,0,0.521587221
Dalal Street Holdings,2018/8/13,259234881.4,0,0,0.427081273
Dalal Street Holdings,2018/11/13,212633008.2,0,0,0.369983986
Dalal Street Holdings,2019/2/13,217111759.2,0,162380.4,0.359585574
Dalal Street Holdings,2019/5/14,253449782.6,43910859.73,0,0.340760012
Dalal Street Holdings,2019/8/13,243624383.8,3685777.6,3111780,0.318765622
Dalal Street Holdings,2019/11/13,223187087,380835,65573000.64,0.337022921
Dalal Street Holdings,2020/2/13,218929334.8,2014660.41,6820881.92,0.327213936
Dalal Street Holdings,2020/5/14,82897953.64,0,59019445.18,0.267439088
Dalal Street Holdings,2020/8/13,144486227.7,756870.84,0,0.302815972
Dalal Street Holdings,2020/11/13,166421218.1,4202.46,0,0.30907014
Dalal Street Holdings,2021/2/12,243885200.5,570.71,0,0.337729871
Dalal Street Holdings,2021/5/14,230994269.2,0,21141570.26,0.333985691
Dalal Street Holdings,2021/8/13,229695017.3,16951889.58,0,0.321332737
Dalal Street Holdings,2021/11/12,201776477.8,2036793,33260943.58,0.316760053
Dalal Street Holdings,2022/2/14,199682855,22506457.38,10971660,0.30727921
Dalal Street Holdings,2022/5/13,126179106,0,29185546.11,0.287543617
Dalal Street Holdings,2022/8/12,114327782.4,0,213174.64,0.280549325
Dalal Street Holdings,2022/11/14,119743988.4,0,0,0.27983867
Dalal Street Holdings,2023/2/14,143142643.4,21700626.4,0,0.277930866
Dalal Street Holdings,2023/5/12,122710310.9,1871073,16655349.22,0.273559616
Dalal Street Holdings,2023/8/11,82503498.98,0,0,0.258585286
Dalal Street Holdings,2023/11/13,149105374.1,36333076.92,0,0.266243797
Duquesne Family Office,2014/2/14,782136733,0,0,0.1
Duquesne Family Office,2014/5/14,357392706.7,38362005,48746840.34,-0.954702718
Duquesne Family Office,2014/8/14,672570514.2,35283660,23660304,-0.266855611
Duquesne Family Office,2014/11/14,490447090.9,0,39545600,-0.40898317
Duquesne Family Office,2015/2/12,841178887.5,301600354,6595040,-0.258126708
Duquesne Family Office,2015/5/15,596280462.8,35992973,106131068.6,-0.376449228
Duquesne Family Office,2015/8/14,824688456,151600278,110798414,-0.150344046
Duquesne Family Office,2015/11/13,802011107.7,275046045,54371354,-0.313475766
Duquesne Family Office,2016/2/16,437937315.2,13649537,187940112.8,-0.40158956
Duquesne Family Office,2016/5/16,846909620.7,5449782,109183292,-0.051477223
Duquesne Family Office,2016/8/15,615338396.9,3717000,137927763,-0.09217972
Duquesne Family Office,2016/11/14,722391799.2,36470745,90810609,-0.016421732
Duquesne Family Office,2017/2/14,692660360.1,107453930.7,18949415.35,-0.061903301
Duquesne Family Office,2017/5/15,1028659065,76875525.45,56878116,0.050327174
Duquesne Family Office,2017/8/14,1269011532,422810491,20456982,-0.001724361
Duquesne Family Office,2017/11/14,1354793888,127363430,0,-0.013741053
Duquesne Family Office,2018/2/14,1295209133,103581039,123732668,-0.023265415
Duquesne Family Office,2018/5/15,1070104062,25378965.5,182204590,-0.039222672
Duquesne Family Office,2018/8/14,1627066536,106939526,1497132,0.06021577
Duquesne Family Office,2018/11/14,969619477.8,114789263.4,384525494.8,-0.01949263
Duquesne Family Office,2019/2/14,1247828113,311595550.3,87869666.54,-0.007259574
Duquesne Family Office,2019/5/15,2909924689,615401698,55309739.67,0.148357421
Duquesne Family Office,2019/8/14,3057518159,246494938.8,291480637.3,0.157080303
Duquesne Family Office,2019/11/14,2965458356,843521222.8,701435596.4,0.12525344
Duquesne Family Office,2020/2/14,3732457004,643462829.9,980919811.3,0.20226981
Duquesne Family Office,2020/5/15,2533445650,461864330.2,497166212.4,0.105745101
Duquesne Family Office,2020/8/14,2875615880,228606177.1,1114939920,0.185783847
Duquesne Family Office,2020/11/16,3009995871,501818093,496072890,0.185763855
Duquesne Family Office,2021/2/16,3299304703,552148837.2,423614481,0.187189858
Duquesne Family Office,2021/5/17,3123904736,150286860.9,463396036.5,0.186965675
Duquesne Family Office,2021/8/16,2737738808,144831381.3,537573722.5,0.181333358
Duquesne Family Office,2021/11/15,1999268962,78157420.33,715814983.9,0.172173662
Duquesne Family Office,2022/2/14,1688128451,179556823,241120420.8,0.15811824
Duquesne Family Office,2022/5/16,1360757575,175055175.5,166329621.9,0.140390815
Duquesne Family Office,2022/8/15,1465876259,35079689.05,289007612.9,0.15384492
Duquesne Family Office,2022/11/14,1819677953,208275461.6,294059013.2,0.168222068
Duquesne Family Office,2023/2/14,2018132165,425810557.2,156473639.9,0.163308316
Duquesne Family Office,2023/5/15,2149449161,123968988.4,416191177.2,0.174313317
Duquesne Family Office,2023/8/14,2527883798,265104632.5,382247259.9,0.185594506
Duquesne Family Office,2023/11/14,2499393683,184670765.7,188521926.4,0.182154341
Renaissance Technologies,2014/2/14,8.07891E+11,0,0,0.1
Renaissance Technologies,2014/5/14,9.34394E+11,2.77068E+11,5328997257,-0.556355549
Renaissance Technologies,2014/8/13,3.22394E+11,10970152307,4.80464E+11,-0.515610448
Renaissance Technologies,2014/11/12,3.87561E+11,1.57486E+11,7611701658,-0.55909479
Renaissance Technologies,2015/2/13,6.33854E+11,2.05032E+11,4482958194,-0.407238514
Renaissance Technologies,2015/5/13,9.19179E+11,2.43419E+11,5556300315,-0.276925343
Renaissance Technologies,2015/8/14,8.85106E+11,1.58171E+11,6888084982,-0.373926624
Renaissance Technologies,2015/11/12,5.73396E+11,61207262886,5800485150,-0.597529181
Renaissance Technologies,2016/2/11,1.11194E+12,33274202030,4455939727,-0.169097861
Renaissance Technologies,2016/5/13,1.34333E+12,3.06643E+11,4152432792,-0.179261476
Renaissance Technologies,2016/8/12,1.27299E+12,1.53653E+11,9967873369,-0.247520738
Renaissance Technologies,2016/11/14,1.27851E+11,9235742838,1.97048E+11,
Renaissance Technologies,2017/2/13,51622130611,10101849431,8461913917,
Renaissance Technologies,2017/5/12,2.84042E+11,13517417989,7830182647,-0.559038353
Renaissance Technologies,2017/8/11,59885650244,11653485053,8161484913,
Renaissance Technologies,2017/11/13,71259880955,13195631843,8950858887,
Renaissance Technologies,2018/2/13,71300111336,15158492092,14150589328,
Renaissance Technologies,2018/5/14,79691041446,11753587355,13428238072,-0.626483068
Renaissance Technologies,2018/8/13,81901213350,56513096.4,56513096.4,-0.592259051
Renaissance Technologies,2018/11/13,72449347973,14422942012,11181331024,-0.585249929
Renaissance Technologies,2019/2/13,84449819878,15139095807,6437177912,-0.552692727
Renaissance Technologies,2019/5/14,92343176943,16133664043,9999998012,
Renaissance Technologies,2019/8/12,1.03137E+11,23142408683,11258017404,-0.50073967
Renaissance Technologies,2019/11/13,1.09232E+11,16878914351,12958932892,-0.472501448
Renaissance Technologies,2020/2/13,1.22068E+11,18532521138,15914882758,-0.437590092
Renaissance Technologies,2020/5/14,91855074384,12075780064,12633236051,-0.455690437
Renaissance Technologies,2020/8/13,1.01258E+11,15152933262,20473351973,-0.417705278
Renaissance Technologies,2020/11/13,89034334607,7021136599,22076188297,-0.398640028
Renaissance Technologies,2021/2/10,83350897885,7380549369,27163280995,
Renaissance Technologies,2021/5/13,64145702620,8142228420,22825816266,-0.366696004
Renaissance Technologies,2021/8/13,67752389263,8569770856,12525050650,-0.351264625
Renaissance Technologies,2021/11/12,74568125444,14627964058,11681951437,-0.340171252
Renaissance Technologies,2022/2/11,64075759740,10444938733,15032476007,-0.338663513
Renaissance Technologies,2022/5/13,62211668472,14746298327,8364607868,
Renaissance Technologies,2022/8/12,80298137216,20187395820,8309371104,
Renaissance Technologies,2022/11/14,66506089790,9324753457,18251964810,
Renaissance Technologies,2023/2/13,66466379928,13070124339,12819729240,-0.316548468
Renaissance Technologies,2023/5/12,63144880811,11209496040,12705339764,
Renaissance Technologies,2023/8/11,58497756908,8770616549,15731937712,-0.302800544
Renaissance Technologies,2023/11/14,48326309273,6138348745,12287239646,-0.30138435
Citadel Advisors,2014/2/14,39165771050,0,0,0.1
Citadel Advisors,2014/5/15,51429025136,24620938707,11185032912,-0.115984959
Citadel Advisors,2014/8/14,1.32854E+11,22652113805,16648241576,6.279220972
Citadel Advisors,2014/11/14,7.4181E+11,11397794162,26267827480,42.00151051
Citadel Advisors,2015/2/17,1.26656E+12,4.86447E+11,13540513504,16.02926796
Citadel Advisors,2015/5/15,1.05061E+12,33393507140,27529247147,4.045393265
Citadel Advisors,2015/8/14,1471743.84,0,11336682.24,
Citadel Advisors,2015/11/16,80572125759,10866889.8,0,-0.909509667
Citadel Advisors,2016/2/12,4.17567E+11,8235693176,14135948951,-0.17842296
Citadel Advisors,2016/5/13,4.74963E+11,2.04747E+11,18172375010,-0.355856982
Citadel Advisors,2016/8/12,33148091279,12367235794,9757364555,
Citadel Advisors,2016/11/10,1.20813E+11,18413071026,13188810886,
Citadel Advisors,2017/2/10,29923302436,10160910045,21122934522,
Citadel Advisors,2017/5/12,6.95318E+11,16816490763,10851553652,-0.007706853
Citadel Advisors,2017/8/11,39875814633,15091208476,12611209289,
Citadel Advisors,2017/11/9,4.08901E+11,15909386999,13465200024,-0.205654533
Citadel Advisors,2018/2/9,6.07908E+11,4.26906E+11,15328293848,-0.39164214
Citadel Advisors,2018/5/11,52888218885,17784375206,21189687690,
Citadel Advisors,2018/8/10,61009479245,22742283448,16037968747,
Citadel Advisors,2018/11/13,55933486894,18211801503,18212616943,
Citadel Advisors,2019/2/14,55767137471,21167089472,21309738728,-0.867446116
Citadel Advisors,2019/5/15,55577778453,18644985426,20969394635,
Citadel Advisors,2019/8/14,56695090170,17649642854,16303003006,
Citadel Advisors,2019/11/14,61640155713,19750723541,19092514662,-0.682725719
Citadel Advisors,2020/2/14,67212424938,22740463134,20951397655,
Citadel Advisors,2020/5/15,48713552349,18046333448,20772812894,-0.632001148
Citadel Advisors,2020/8/14,51056910993,17559286072,24990953407,
Citadel Advisors,2020/11/16,57391971480,19368047702,19646721031,
Citadel Advisors,2021/2/16,68177995913,24058121609,24957030455,
Citadel Advisors,2021/5/17,65920075234,20365463165,24967789385,-0.457069326
Citadel Advisors,2021/8/16,68408317083,22427872076,23773580359,
Citadel Advisors,2021/11/15,70408709029,22874367725,23190320511,-0.41233959
Citadel Advisors,2022/2/14,63478955353,21075834138,21085927057,-0.409092004
Citadel Advisors,2022/5/16,55014894702,19911430589,19410912670,
Citadel Advisors,2022/8/15,63246601174,25335405768,19691657165,
Citadel Advisors,2022/11/14,69212561341,27186285827,17375960527,-0.385863559
Citadel Advisors,2023/2/14,77494160687,29358979313,24964007849,-0.363949524
Citadel Advisors,2023/5/15,75283771883,31069362538,28603188021,-0.357822558
Citadel Advisors,2023/8/14,74423190144,24936122440,30171126079,-0.337520001
Citadel Advisors,2023/11/14,74837913240,29119182307,24124286497,
Brave Warrior Advisors,2014/2/14,2084666307,0,0,0.1
Brave Warrior Advisors,2014/5/15,1943049244,31498067.62,128874114.7,-0.083317258
Brave Warrior Advisors,2014/8/14,1795058498,144433778.7,280453874,-0.054910959
Brave Warrior Advisors,2014/11/14,2076473538,134267797.6,1744592.44,0.063240094
Brave Warrior Advisors,2015/2/17,2496974458,47328205.02,278581600.9,0.372285274
Brave Warrior Advisors,2015/5/15,2938978513,186314715.7,144020479.4,0.449265882
Brave Warrior Advisors,2015/8/14,2997754331,36074860.45,76838420.83,0.395543183
Brave Warrior Advisors,2015/11/16,2341623463,322200071.2,13070315.64,0.081464461
Brave Warrior Advisors,2016/2/16,1929466929,78722234.91,41292499.82,-0.045778867
Brave Warrior Advisors,2016/5/16,1723301414,36181175.47,199385407.4,-0.050868678
Brave Warrior Advisors,2016/8/15,1480955472,143403528.4,480981139.4,-0.025084096
Brave Warrior Advisors,2016/11/14,1642541770,0,128830784.3,0.031882714
Brave Warrior Advisors,2017/2/14,1666281323,150064401.8,298203305.3,0.057760178
Brave Warrior Advisors,2017/5/15,1491317331,21044239.04,150259534.2,0.047465255
Brave Warrior Advisors,2017/8/14,1695892355,16048684.76,106847376,0.08500501
Brave Warrior Advisors,2017/11/14,1748321250,114085326.2,174393978.1,0.094198755
Brave Warrior Advisors,2018/2/14,1684739790,52620047.28,126591938,0.090931176
Brave Warrior Advisors,2018/5/15,1480922266,11310010,110546146.1,0.075922156
Brave Warrior Advisors,2018/8/14,1555807404,56058943.28,4856998.15,0.075551965
Brave Warrior Advisors,2018/11/14,1343394383,4173158.36,401222531.2,0.090351607
Brave Warrior Advisors,2019/2/14,1446056751,105225173,10128196.43,0.088408545
Brave Warrior Advisors,2019/5/15,1309127898,56093261.65,195467776.3,0.086030755
Brave Warrior Advisors,2019/8/14,929452009.2,298744.5,123702582.9,0.061559735
Brave Warrior Advisors,2019/11/14,1097662944,23698489.89,55508758.18,0.077352485
Brave Warrior Advisors,2020/2/14,1238386510,5797875.75,160416562.3,0.097669271
Brave Warrior Advisors,2020/5/15,1300141413,210156835.9,41078010.87,0.088262945
Brave Warrior Advisors,2020/8/14,1542734597,96139157,134147024.6,0.104605338
Brave Warrior Advisors,2020/11/16,1989881909,201750483.8,50808031.9,0.118972269
Brave Warrior Advisors,2021/2/16,2284120771,154474873.7,56072576.05,0.125879063
Brave Warrior Advisors,2021/5/17,2855067431,370892104.8,469237968.5,0.151414979
Brave Warrior Advisors,2021/8/16,2418804423,0,386526858.3,0.145704617
Brave Warrior Advisors,2021/11/15,2471374554,168637311.5,434201116.8,0.153984689
Brave Warrior Advisors,2022/2/14,2361586397,59148661.71,78544070.59,0.148001799
Brave Warrior Advisors,2022/5/16,2711523991,188288711.9,169553031.6,0.155776671
Brave Warrior Advisors,2022/8/15,2864700541,237979853.8,334187524.4,0.160019277
Brave Warrior Advisors,2022/11/14,3109819386,173377873.2,80491556.55,0.161182133
Brave Warrior Advisors,2023/2/14,3219114580,24316259.55,203140522.8,0.165291148
Brave Warrior Advisors,2023/5/15,2881229762,116170132.9,116158227.8,0.154322059
Brave Warrior Advisors,2023/8/14,3639713440,178741450.9,80587976.49,0.166759042
Brave Warrior Advisors,2023/11/14,3741630721,177778512.7,260934807.8,0.167575004
Masters Capital Management,2014/2/14,153602980.4,0,0,0.1
Masters Capital Management,2014/5/15,147195525.3,54385405.41,227367.9,-0.869100927
Masters Capital Management,2014/8/14,190489000,0,31116028.39,0.160855989
Masters Capital Management,2014/11/14,263951710.4,31922710.4,0,0.434677803
Masters Capital Management,2015/2/17,367112335.2,14540207.2,19153864.3,0.875833425
Masters Capital Management,2015/5/15,469636323.5,107896030.4,18032854.9,0.700243826
Masters Capital Management,2015/8/14,211354799.9,21030220,19009871.25,-0.287169246
Masters Capital Management,2015/11/16,234162369.5,52309756.19,1371012.15,-0.319860346
Masters Capital Management,2016/2/16,273067817.6,40202587.75,5738209.1,-0.250737415
Masters Capital Management,2016/5/16,227817966,52836209.4,11108025.32,-0.417707436
Masters Capital Management,2016/8/12,188616045.8,6288293.55,50869303,-0.340509497
Masters Capital Management,2016/11/14,310351698.6,36193486.94,22077178.5,-0.1152864
Masters Capital Management,2017/2/14,407467961.1,1615089,55750207.12,0.075448706
Masters Capital Management,2017/5/15,394400952.9,25853358.19,17611047.1,0.048261863
Masters Capital Management,2017/8/14,298200903.9,614992.4,26138713.4,-0.022590959
Masters Capital Management,2017/11/14,338620000,8659658.27,27220000,0.031195333
Masters Capital Management,2018/2/14,380519750,7419000,11190500,0.063264212
Masters Capital Management,2018/5/15,1082150924,8743500,8240075.6,0.373036943
Masters Capital Management,2018/8/14,1003732964,43982471.4,34756999.5,0.320694254
Masters Capital Management,2018/11/14,1195313101,341594680.7,30428370.55,0.263302509
Masters Capital Management,2019/2/12,379700016,11780000,16195115.96,-0.214600768
Masters Capital Management,2019/5/15,366235184.1,16534146.4,107016541.8,-0.111088919
Masters Capital Management,2019/8/14,226834730,14736081.2,19217994.4,-0.240107429
Masters Capital Management,2019/11/14,181970482.5,723000,15603527.5,-0.260363805
Masters Capital Management,2020/2/14,187357212.8,18799148.93,17287604.1,-0.237250749
Masters Capital Management,2020/5/15,196938500.9,26999756.6,12255974.8,-0.228448659
Masters Capital Management,2020/8/14,189804314.5,16308450,16936000,-0.221525008
Masters Capital Management,2020/11/16,187267000,17711632.17,11092000,-0.218414265
Masters Capital Management,2021/2/16,243839687.2,607500,92597000,-0.08984235
Masters Capital Management,2021/5/17,445309346.1,38370448.18,2953500,-0.009606087
Masters Capital Management,2021/8/16,407770931.2,40398431.16,39291059.98,-0.023953091
Masters Capital Management,2021/11/15,423070421.4,33506982.7,56373694.64,-0.009019375
Masters Capital Management,2022/2/14,327237681.2,41424929.12,65611600,-0.034987066
Masters Capital Management,2022/5/16,323525716.9,38949968.1,26444783.1,-0.040237065
Masters Capital Management,2022/8/15,358205300,41333810.74,9930000,-0.03768574
Masters Capital Management,2022/11/14,273692343.4,32194000,32882656.6,-0.071478242
Masters Capital Management,2023/2/14,266345248,29229519.25,27548751.98,-0.073334355
Masters Capital Management,2023/5/15,260549234.5,22563500,26692995.5,-0.071812696
Masters Capital Management,2023/8/14,336703508.5,39142236.99,3460000,-0.052727007
Masters Capital Management,2023/11/14,355874090,4314700,22816909.22,-0.037447565
Fine Capital Partners,2014/2/14,655458305.1,0,0,0.1
Fine Capital Partners,2014/5/14,649296416.5,80754405.7,88289662.76,0.008620959
Fine Capital Partners,2014/8/14,621889323.9,45896566.36,22091086.52,-0.148258786
Fine Capital Partners,2014/11/14,675780660.9,77220581.77,9984621,-0.126149731
Fine Capital Partners,2015/2/17,786430585.6,40658050.57,26627274.55,0.048846661
Fine Capital Partners,2015/5/15,879150776.7,118365427.6,32248810,0.046110873
Fine Capital Partners,2015/8/14,873187822.6,62807056.08,26255885.64,-0.002306949
Fine Capital Partners,2015/11/16,865939164.4,120773991.9,52400355,-0.061339519
Fine Capital Partners,2016/2/16,590001759.8,42185303.59,55648922.54,-0.247747606
Fine Capital Partners,2016/5/16,769991989.1,35655010.53,62266299.29,-0.079193307
Fine Capital Partners,2016/8/15,770035739.3,46294730.84,62126926.46,-0.061768101
Fine Capital Partners,2016/11/14,795422525.8,58944205.86,21080012.34,-0.061934583
Fine Capital Partners,2017/2/14,759446197.1,5962992,54692719.27,-0.05039407
Fine Capital Partners,2017/5/15,610009231.3,5817055.12,106460742.9,-0.067026629
Fine Capital Partners,2017/8/14,548040887.2,26899518.1,153811148.4,-0.037161387
Fine Capital Partners,2017/11/14,498877379.3,50375020.52,100475338.7,-0.034921698
Fine Capital Partners,2018/2/14,328688648.8,18151460.62,116687282.9,-0.059354225
Fine Capital Partners,2018/5/15,461742780.5,80157929.25,427800,-0.038500005
Fine Capital Partners,2018/8/14,384701626.7,1566819.8,11721667.81,-0.06027422
Fine Capital Partners,2018/11/14,298266397.9,77045363.28,74865090.99,-0.091765238
Fine Capital Partners,2019/2/14,347320556.1,52656440.24,26990543.22,-0.07975199
Fine Capital Partners,2019/5/15,297808100.2,9644445,11644898.98,-0.095627758
Fine Capital Partners,2019/8/14,233770009.9,3717000,14469900.79,-0.115285575
Fine Capital Partners,2019/11/14,339953305.7,4403757.12,26521333.46,-0.062879782
Fine Capital Partners,2020/2/13,287737832.4,0,38398368.59,-0.065659918
Fine Capital Partners,2020/5/14,104543664.1,0,0,-0.140709324
Fine Capital Partners,2020/8/14,193989574.9,0,5012753.9,-0.094357881
Fine Capital Partners,2020/11/13,307622051.2,0,1796974.21,-0.052838178
Fine Capital Partners,2021/2/12,415335681,0,1001597.21,-0.022747531
Fine Capital Partners,2021/5/14,518969309.4,569000,0,0.000198686
Fine Capital Partners,2021/8/13,658803434.2,0,1810750,0.025555689
Fine Capital Partners,2021/11/12,665612043.1,0,7107851.84,0.027097892
Fine Capital Partners,2022/2/11,594018497,22542500,0,0.01117491
Fine Capital Partners,2022/5/13,468626194.5,3233750,0,-0.012710792
Fine Capital Partners,2022/8/12,539011306.9,3411600,0,0.000135228
Fine Capital Partners,2022/11/10,529336064.2,0,6357375,-0.000445988
Fine Capital Partners,2023/2/13,602126393.5,0,2615002.8,0.01174832
Fine Capital Partners,2023/5/12,556580522.1,0,15141100,0.006841047
Fine Capital Partners,2023/8/11,659270766.4,0,8807452.42,0.022532226
Fine Capital Partners,2023/11/14,758052332,0,12500616,0.035528914
Greenlight Capital,2014/2/14,5567464293,0,0,0.1
Greenlight Capital,2014/5/15,4463704323,79118390.08,1327014958,0.109221653
Greenlight Capital,2014/8/14,5812196734,332538144.5,296678279.5,0.677731017
Greenlight Capital,2014/11/14,5240642888,69389154.1,659127375.2,0.432741723
Greenlight Capital,2015/2/13,5180318050,829865583.4,219415992.4,0.1782038
Greenlight Capital,2015/5/15,5399975994,431618457.2,523476037.4,0.194413804
Greenlight Capital,2015/8/14,4435175265,533566629.4,99224398.48,-0.04317723
Greenlight Capital,2015/11/16,3171360579,470918806.7,525774784.9,-0.207086763
Greenlight Capital,2016/2/16,2829662935,153615861.9,407077539.3,-0.194286357
Greenlight Capital,2016/5/16,3314140769,414237009.3,185809686.3,-0.143888144
Greenlight Capital,2016/8/15,4931758802,310589662.2,276814542.9,0.022593266
Greenlight Capital,2016/11/14,5197319574,521999959.2,387245934.2,0.030516402
Greenlight Capital,2017/2/14,5062842482,860471353,572641262.5,-0.002367034
Greenlight Capital,2017/5/15,5606129263,1518989791,547583059.3,-0.03198791
Greenlight Capital,2017/8/14,5219825834,136080403.8,95991549.22,-0.057879011
Greenlight Capital,2017/11/14,7333257566,347046450.8,1168992330,0.100240534
Greenlight Capital,2018/2/14,6667035243,0,784334729.4,0.097841138
Greenlight Capital,2018/5/15,5338585723,3846888,839269598.9,0.073243844
Greenlight Capital,2018/8/14,4811504653,21573000,641722984.5,0.073175791
Greenlight Capital,2018/11/14,4108760247,13457211.48,451702703,0.060712647
Greenlight Capital,2019/2/14,3455162799,52004700.05,502323989.3,0.051400886
Greenlight Capital,2019/5/15,2583909217,42412620,193524045.8,0.023589902
Greenlight Capital,2019/8/14,1701579562,11238332.94,214765748.2,-0.004247478
Greenlight Capital,2019/11/14,1472531701,80043773.33,8004287.2,-0.017322165
Greenlight Capital,2020/2/14,1416285151,8888717.46,62602382.29,-0.017146235
Greenlight Capital,2020/5/15,823870405.6,17956118.46,52446734.94,-0.043582053
Greenlight Capital,2020/8/14,833168554.2,10669742.74,276951016.3,-0.029434181
Greenlight Capital,2020/11/16,1190156415,62243305,31228599,-0.014548459
Greenlight Capital,2021/2/16,1475628413,19173158,72856507.13,-0.000790157
Greenlight Capital,2021/5/17,1219767201,71419584.82,410866630.9,0.002326881
Greenlight Capital,2021/8/16,1299330458,91406716.2,78752044,0.004707859
Greenlight Capital,2021/11/15,1311998524,69260733.72,46572049.34,0.004301041
Greenlight Capital,2022/2/14,1186912754,74747354.07,127894041.4,0.001715193
Greenlight Capital,2022/5/16,1172069573,73572440.34,45725997.06,0.000181018
Greenlight Capital,2022/8/15,1370792750,93267644.94,75418114.6,0.00639447
Greenlight Capital,2022/11/14,1208458374,71306027.5,43038837.5,-0.000164024
Greenlight Capital,2023/2/14,1453526212,92626114.1,35447867.42,0.006161833
Greenlight Capital,2023/5/15,1787207820,102605336.8,40778798.02,0.014467602
Greenlight Capital,2023/8/14,1945377000,80108811.5,80895285.5,0.018795869
Greenlight Capital,2023/11/14,1517079567,101155724.8,245797286.9,0.010449918
Steinberg Asset Management,2014/2/14,998622686.4,0,0,0.1
Steinberg Asset Management,2014/5/15,1031654482,12999449.11,24607917.09,0.194055617
Steinberg Asset Management,2014/8/14,936414468.9,27449154.18,211371482.7,0.289250054
Steinberg Asset Management,2014/11/14,897742039.9,64017697.25,84662108.28,0.168865289
Steinberg Asset Management,2015/2/17,712085942.9,51321480.31,128527814.2,0.007617044
Steinberg Asset Management,2015/5/15,514897615.4,12991888.08,222826318.8,0.018219993
Steinberg Asset Management,2015/8/14,416047944.3,14984102.58,56424736.64,-0.032214955
Steinberg Asset Management,2015/11/16,338834328.4,3618806.69,40827719.21,-0.061557489
Steinberg Asset Management,2016/2/16,262141112.8,26081594.38,37226449.6,-0.109737853
Steinberg Asset Management,2016/5/16,261357328.1,9921800.02,50969836.03,-0.072635871
Steinberg Asset Management,2016/8/15,224989741,1944131.69,61726149.88,-0.052515927
Steinberg Asset Management,2016/11/14,202925020.6,3084810,36741860.47,-0.042748139
Steinberg Asset Management,2017/2/14,174614063,2946592.39,58596967.73,-0.024173316
Steinberg Asset Management,2017/5/15,186283995.3,22138965.68,13590801.66,-0.021682083
Steinberg Asset Management,2017/8/14,172960214.8,7110126.5,22078347.32,-0.02013956
Steinberg Asset Management,2017/11/14,187024302.5,5127945.08,7644163.4,-0.010430148
Steinberg Asset Management,2018/2/14,163617610.4,570685,40608722.91,-0.001474749
Steinberg Asset Management,2018/5/15,159436788,4331087.26,11676417.45,0.000140615
Steinberg Asset Management,2018/8/14,134213689.1,6870620.96,25447728.5,-0.003141731
Steinberg Asset Management,2018/11/14,121259130,0,15877156.44,-0.001664453
Steinberg Asset Management,2019/2/14,112287934.6,14318522.88,14259106.9,-0.006019095
Steinberg Asset Management,2019/5/15,81975644.55,288839.7,26850117.61,-0.007767741
Steinberg Asset Management,2019/8/14,70537000.95,4032756.32,5713221.06,-0.012513814
Steinberg Asset Management,2019/11/14,76522589.47,1807380.88,1517038.3,-0.009588272
Steinberg Asset Management,2020/2/14,76673824.23,2236752.92,2281693.78,-0.009402976
Steinberg Asset Management,2020/5/15,43474584.85,3705668.05,3443616.54,-0.026578475
Steinberg Asset Management,2020/8/14,52812359.41,0,10461159.75,-0.015943456
Steinberg Asset Management,2020/11/16,58546872.04,3822858.03,503224,-0.01462361
Steinberg Asset Management,2021/2/16,74394214.46,5453480.4,3346050.63,-0.007910565
Steinberg Asset Management,2021/5/17,77645714.44,1485926.1,790236.37,-0.006666859
Steinberg Asset Management,2021/8/16,77018121.74,1168226,545739.12,-0.007177369
Steinberg Asset Management,2021/11/15,76751926.29,775022.76,6696663.77,-0.004585208
Steinberg Asset Management,2022/2/14,71998078.83,687774.11,7056702.72,-0.003841898
Steinberg Asset Management,2022/5/16,90170165.41,1479646.7,73489.28,0.003149319
Steinberg Asset Management,2022/8/15,94562233.01,739819.44,501597.95,0.004751126
Steinberg Asset Management,2022/11/14,94122094.59,4383084.39,6434032.9,0.005326032
Steinberg Asset Management,2023/2/14,90295869.91,1356726.64,1349318.68,0.003814319
Steinberg Asset Management,2023/5/15,88881202.77,635783.68,2776150.31,0.004058541
Steinberg Asset Management,2023/8/14,95666248.77,4208340.31,1129490.02,0.00540995
Steinberg Asset Management,2023/11/14,93302939.96,1415092.46,835986.01,0.004274732
Millennium Management,2014/2/14,1.35859E+13,0,0,0.1
Millennium Management,2014/5/15,7.43557E+12,12413407099,1.34955E+12,
Millennium Management,2014/8/14,1.2403E+11,61257791822,11099775787,
Millennium Management,2014/11/14,34082632344,7659712576,11807477054,
Millennium Management,2015/2/17,55139919562,29189476834,7579716380,
Millennium Management,2015/5/15,1.41808E+11,13976054984,18012074321,
Millennium Management,2015/8/14,1.22925E+12,36293348768,29255288033,-0.780474656
Millennium Management,2015/11/16,43983708627,11088761744,11946663215,
Millennium Management,2016/2/16,29059466031,8082979098,10787476982,
Millennium Management,2016/5/16,29524082646,7666256355,12864558221,
Millennium Management,2016/8/15,32644650235,11114865712,9774470635,
Millennium Management,2016/11/14,43373330098,18285019284,8350410364,
Millennium Management,2017/2/14,52623399232,22785602744,11146190863,
Millennium Management,2017/5/15,6.49859E+11,12388023447,14845312893,
Millennium Management,2017/8/14,1.20771E+11,12742141718,14283011969,
Millennium Management,2017/11/14,1.40482E+11,15628656678,12106539678,-0.698888772
Millennium Management,2018/2/14,85430892305,17161179523,15502143662,
Millennium Management,2018/5/15,70327095039,28243789732,14822278697,-0.72212792
Millennium Management,2018/8/14,62201164596,16235247235,24195850640,
Millennium Management,2018/11/14,54217817352,15437062689,20414955961,
Millennium Management,2019/2/14,57939009599,23443092407,18099674209,
Millennium Management,2019/5/14,58426533147,25007326916,20052811999,
Millennium Management,2019/8/14,68430150732,40601122635,23164796229,
Millennium Management,2019/11/14,39301045220,19341446314,47311877996,-0.618097158
Millennium Management,2020/2/14,65688191700,35042059547,13895063448,
Millennium Management,2020/5/14,21449358670,5232842158,28750039725,
Millennium Management,2020/8/14,36818949805,16836098565,7633335632,
Millennium Management,2020/11/16,36681405980,11338261335,15610405748,
Millennium Management,2021/2/16,68208074785,34248382389,12445350490,
Millennium Management,2021/5/17,54372296007,15482003536,30109235655,
Millennium Management,2021/8/16,65653662524,26901144752,19232657460,
Millennium Management,2021/11/15,72302747344,23003944327,20232574381,
Millennium Management,2022/2/14,69734111455,24441099602,18315038720,
Millennium Management,2022/5/16,57894788570,18817274013,21130523717,
Millennium Management,2022/8/15,70765627718,27225448697,17163647359,
Millennium Management,2022/11/14,73085676051,26058845172,20298417071,
Millennium Management,2023/2/14,82467417772,29864225049,22875246859,
Millennium Management,2023/5/15,72362342714,24007396644,27422007538,
Millennium Management,2023/8/14,80701151863,27592852177,24006157264,
Millennium Management,2023/11/14,81609500179,26546069995,21435767943,
Pershing Square Capital Management,2014/2/14,3267821635,0,0,0.1
Pershing Square Capital Management,2014/5/15,4013541359,0,0,1.301637935
Pershing Square Capital Management,2014/8/14,4482248839,0,123193448.6,0.997541589
Pershing Square Capital Management,2014/11/14,4724486034,107117.32,0,0.702535314
Pershing Square Capital Management,2015/2/17,8322060522,1854483442,0,1.021470484
Pershing Square Capital Management,2015/5/15,12823362480,11792773.48,0,1.596486285
Pershing Square Capital Management,2015/8/14,13027755133,0,0,1.191090987
Pershing Square Capital Management,2015/11/16,10469259779,0,0,0.663640156
Pershing Square Capital Management,2016/2/16,9650410354,0,260865567.4,0.497791935
Pershing Square Capital Management,2016/5/16,7488277923,176043886,2604478571,0.445157605
Pershing Square Capital Management,2016/8/15,7000346521,0,1198502757,0.444591093
Pershing Square Capital Management,2016/11/14,5096957201,0,1433915399,0.383981135
Pershing Square Capital Management,2017/2/14,6432560848,964244737.5,103234686.9,0.38588743
Pershing Square Capital Management,2017/5/15,6390221765,0,365190785.2,0.376713149
Pershing Square Capital Management,2017/8/14,5693860556,136825281.6,238316960,0.332456799
Pershing Square Capital Management,2017/11/14,5073864426,784465573.3,850290255.7,0.294862142
Pershing Square Capital Management,2018/2/14,5648622570,397973305.6,0,0.288865818
Pershing Square Capital Management,2018/5/15,5123517055,0,838111742.3,0.287145935
Pershing Square Capital Management,2018/8/14,5882302052,225836914.8,735898893.6,0.314301618
Pershing Square Capital Management,2018/11/14,4640993523,103244449.3,434641265.2,0.278772079
Pershing Square Capital Management,2019/2/14,5843529403,165604185.9,245480879.1,0.303287175
Pershing Square Capital Management,2019/5/15,5526266713,20140370,313285032.4,0.294038383
Pershing Square Capital Management,2019/8/14,5163613995,0,369993029,0.286508661
Pershing Square Capital Management,2019/11/14,4216493566,0,114457302.8,0.262294243
Pershing Square Capital Management,2020/2/14,4696960439,124722942.4,347728308.5,0.271185173
Pershing Square Capital Management,2020/5/15,5506766360,1935802534,521410228,0.254416633
Pershing Square Capital Management,2020/8/14,7380055456,615792729.7,72566490.32,0.271866653
Pershing Square Capital Management,2020/10/23,8017542627,0,92112464.13,0.277657681
Pershing Square Capital Management,2021/2/16,9204886079,0,16369550.12,0.28494052
Pershing Square Capital Management,2021/5/17,8381300937,264821040,317422257,0.26804056
Pershing Square Capital Management,2021/8/16,8580509381,0,377530131.5,0.268831914
Pershing Square Capital Management,2021/11/15,7174318419,104207494.5,0,0.244233605
Pershing Square Capital Management,2022/2/14,6701175733,0,0,0.233073566
Pershing Square Capital Management,2022/5/16,6626350945,0,9358258.06,0.227697389
Pershing Square Capital Management,2022/8/15,6604226488,0,18379319.51,0.223381639
Pershing Square Capital Management,2022/11/14,7379964440,1002040150,0,0.216567268
Pershing Square Capital Management,2023/2/13,8133299732,194555519.9,0,0.21873466
Pershing Square Capital Management,2023/5/15,9302823798,6862772.45,224260239.1,0.2286377
Pershing Square Capital Management,2023/8/14,8880856318,216320254.3,787959921.9,0.225507809
Pershing Square Capital Management,2023/11/14,7451222570,0,81833083.15,0.208399266
Berkshire Hathaway,2014/2/14,91285489988,0,0,0.1
Berkshire Hathaway,2014/5/15,95267981045,1271158105,1792351271,0.215683828
Berkshire Hathaway,2014/8/14,95008595122,989392012.1,1918403735,0.117919029
Berkshire Hathaway,2014/11/14,97951729797,664804589,199797702.7,0.11444486
Berkshire Hathaway,2015/2/17,95279215269,1329563159,113151697,0.041208589
Berkshire Hathaway,2015/5/15,98057867946,909387681.1,265405823,0.051815545
Berkshire Hathaway,2015/8/14,95856744686,0,0,0.026983458
Berkshire Hathaway,2015/11/16,1.20181E+11,978070506.5,597772375.2,0.163128465
Berkshire Hathaway,2016/2/16,1.14222E+11,935803460.1,352998218.6,0.109253025
Berkshire Hathaway,2016/5/16,1.20329E+11,1342210639,4340998725,0.135103754
Berkshire Hathaway,2016/8/15,1.25022E+11,522121432.2,1430647386,0.141373793
Berkshire Hathaway,2016/11/14,1.22922E+11,225219030.2,2153568785,0.127426952
Berkshire Hathaway,2017/2/14,1.36536E+11,4347490837,1510568781,0.147248566
Berkshire Hathaway,2017/5/15,1.34462E+11,3791990626,2400530112,0.126521586
Berkshire Hathaway,2017/8/14,1.34447E+11,1292216013,2389938023,0.119533537
Berkshire Hathaway,2017/11/14,1.51218E+11,276865359.7,2939282021,0.151680298
Berkshire Hathaway,2018/2/14,1.51211E+11,1850819300,5831298585,0.148959325
Berkshire Hathaway,2018/5/15,1.46247E+11,3544280637,4529632976,0.133310685
Berkshire Hathaway,2018/8/14,1.51788E+11,1950116646,1944806404,0.134738525
Berkshire Hathaway,2018/11/14,1.57089E+11,7290098769,2557392141,0.12834755
Berkshire Hathaway,2019/2/14,1.51186E+11,3516262725,1748615198,0.110627571
Berkshire Hathaway,2019/5/15,1.47591E+11,1078980024,1881801466,0.101291907
Berkshire Hathaway,2019/8/14,1.50151E+11,842163240,106782577.7,0.098958651
Berkshire Hathaway,2019/11/14,1.66939E+11,0,1777664877,0.116755312
Berkshire Hathaway,2020/2/14,1.7379E+11,824710291.7,5847992277,0.124276228
Berkshire Hathaway,2020/5/15,1.20907E+11,55408732.62,2033696163,0.06166766
Berkshire Hathaway,2020/8/14,1.37287E+11,321179193.1,7259247897,0.086669333
Berkshire Hathaway,2020/11/16,2.33515E+11,85831610509,6389686175,0.100396507
Berkshire Hathaway,2021/2/16,2.62389E+11,1755629251,10800435818,0.127041135
Berkshire Hathaway,2021/5/17,2.71762E+11,1520141381,7687500448,0.132466531
Berkshire Hathaway,2021/8/16,2.90078E+11,568125626.4,1855251766,0.139473097
Berkshire Hathaway,2021/11/15,2.98841E+11,641374905.1,2013088192,0.139784287
Berkshire Hathaway,2022/2/14,3.1306E+11,1328982626,3624266303,0.143309415
Berkshire Hathaway,2022/5/16,3.0692E+11,25294587570,8287528299,0.125735803
Berkshire Hathaway,2022/8/15,3.32438E+11,5247106695,846500151.2,0.131751237
Berkshire Hathaway,2022/11/14,3.21685E+11,3485145016,1284418823,0.120519098
Berkshire Hathaway,2023/2/14,3.18669E+11,133670013.8,7999579994,0.118393286
Berkshire Hathaway,2023/5/15,3.20023E+11,5648025657,5748080173,0.115020242
Berkshire Hathaway,2023/8/14,3.28449E+11,1093210469,6163989884,0.117028163
Berkshire Hathaway,2023/11/14,3.21254E+11,0,3161075956,0.111581233
Mangrove Partners,2014/2/14,252962870.9,0,0,0.1
Mangrove Partners,2014/5/15,258665865.1,78852804.34,86790604.71,0.237384079
Mangrove Partners,2014/8/14,240810613.6,6365071.52,48908601.24,0.33455844
Mangrove Partners,2014/11/14,240956788.3,15950394.26,0,0.130845792
Mangrove Partners,2015/2/17,228505255.5,4908197,0,0.022314049
Mangrove Partners,2015/5/15,429049082.9,46431074.18,1443576.6,0.529308326
Mangrove Partners,2015/8/14,357758419.7,33819720.92,0,0.152618309
Mangrove Partners,2015/11/16,453971373.9,90805129.86,779083.76,0.137480242
Mangrove Partners,2016/2/16,461537889.8,112525653.2,4276509.2,-0.076011851
Mangrove Partners,2016/5/16,670570988.2,109821753.9,45218701.12,0.151151631
Mangrove Partners,2016/8/15,581335261,12664478.78,161240938.1,0.188797398
Mangrove Partners,2016/11/14,559876325.4,22259117.69,8872837.1,0.133389951
Mangrove Partners,2017/2/14,625014031.9,1909069.2,12717054.4,0.179493253
Mangrove Partners,2017/5/15,599211693.3,5791403.16,8004413.6,0.145290389
Mangrove Partners,2017/8/14,334745741.1,28573682.92,3436418.7,-0.097528134
Mangrove Partners,2017/11/14,430997171,62211873.81,6624974.04,-0.053361947
Mangrove Partners,2018/2/14,587346268.3,25500553.66,31961633.7,0.061688989
Mangrove Partners,2018/5/15,806504484.4,51353046.61,9309517.8,0.144208529
Mangrove Partners,2018/8/14,624759172.5,22049705.91,49248283.88,0.063782284
Mangrove Partners,2018/11/14,548632920.4,98073669.64,0,-0.031748229
Mangrove Partners,2019/2/14,677517254.6,194390537.7,5734878.85,-0.064396336
Mangrove Partners,2019/5/15,959964868.1,6433101.43,0,0.066157447
Mangrove Partners,2019/8/14,749361099.8,111671071.7,13665,-0.07738641
Mangrove Partners,2019/11/14,840364322.8,25515540.24,29258603.89,-0.026791103
Mangrove Partners,2020/2/14,640397126.1,17214324.86,86823228.85,-0.080148114
Mangrove Partners,2020/5/15,505695946.1,113014910.5,18843779.67,-0.200005981
Mangrove Partners,2020/8/14,293789279.5,5650834.26,171338928.8,-0.212926707
Mangrove Partners,2020/11/16,429875055,84869652.5,17536885.9,-0.158983894
Mangrove Partners,2021/2/16,162933151.6,0,147113466.3,-0.222356482
Mangrove Partners,2021/5/17,229720860.1,8217462.19,7669652.4,-0.172624358
Mangrove Partners,2021/8/16,508448002.6,0,0,-0.049895186
Mangrove Partners,2021/11/15,479371274.7,0,0,-0.057001591
Mangrove Partners,2022/2/14,612663206,45057936.73,38970557.71,-0.019303936
Mangrove Partners,2022/5/16,471310107.6,63614366.82,4038978.17,-0.076249547
Mangrove Partners,2022/8/15,887419577.3,154756222.6,3309009.57,-0.003490446
Mangrove Partners,2022/11/14,894661063.5,149704995.2,23490166.41,-0.029858422
Mangrove Partners,2023/2/14,872331588.8,45225828.76,6318422.6,-0.042937033
Mangrove Partners,2023/5/15,694584883.5,46534095.77,3611486.19,-0.104066016
Mangrove Partners,2023/8/14,753205340.2,23748532.03,8573250,-0.084209578
Mangrove Partners,2023/11/14,684762047.3,4672717.53,13393655.33,-0.097204747
Fairholme Capital Management,2014/2/14,2595531403,0,0,0.1
Fairholme Capital Management,2014/5/15,2365611311,0,56012422.51,-0.245171666
Fairholme Capital Management,2014/8/14,2560495656,0,15197890.64,0.028616195
Fairholme Capital Management,2014/11/14,2511411815,0,165469275.1,0.080678922
Fairholme Capital Management,2015/2/17,2315228914,0,69437113.88,0.010228749
Fairholme Capital Management,2015/5/15,1981654550,0,320233912.6,0.004062083
Fairholme Capital Management,2015/8/14,2050654283,0,54928596.48,0.037911082
Fairholme Capital Management,2015/11/16,1833811093,19470600,858727604.9,0.174357971
Fairholme Capital Management,2016/2/16,853574263.5,35884191,623003290.3,0.080582523
Fairholme Capital Management,2016/5/16,851636553.9,67646610,88317502.68,0.08103153
Fairholme Capital Management,2016/8/15,872500602.9,76141614,662841,0.067520117
Fairholme Capital Management,2016/11/14,718074923.2,6181000,218649618,0.07539172
Fairholme Capital Management,2017/2/14,632710146.6,0,413743,0.058303381
Fairholme Capital Management,2017/5/15,645109609.9,9325668,1880940,0.057627699
Fairholme Capital Management,2017/8/14,712754413.2,27623676,5564156.4,0.063579223
Fairholme Capital Management,2017/11/14,655895844.3,28157564.4,1650375,0.048543053
Fairholme Capital Management,2018/2/15,648280041.3,16647260.4,19271355.64,0.046491733
Fairholme Capital Management,2018/5/15,618070955,0,70666622.76,0.051535633
Fairholme Capital Management,2018/8/14,772621307.2,70665971,705803.85,0.062384599
Fairholme Capital Management,2018/11/14,519133232.8,0,124304456.3,0.042775866
Fairholme Capital Management,2019/2/14,435068029.3,0,33681243.2,0.034644719
Fairholme Capital Management,2019/5/15,461066118.1,0,3291056,0.038328388
Fairholme Capital Management,2019/8/14,461566871.4,0,3154024,0.038232796
Fairholme Capital Management,2019/11/14,494052039.1,0,5294258.1,0.042685031
Fairholme Capital Management,2020/2/14,583305776.2,0,1565146.12,0.053236343
Fairholme Capital Management,2020/5/15,482657894.9,3396889.6,1116894.9,0.039841637
Fairholme Capital Management,2020/8/14,611869642.9,0,3411970.4,0.05483952
Fairholme Capital Management,2020/11/16,841371433.8,4792340,6938301.4,0.076835256
Fairholme Capital Management,2021/2/16,1527925769,23873186,753340,0.123935794
Fairholme Capital Management,2021/5/17,1231249938,9754518,33670040,0.103936239
Fairholme Capital Management,2021/8/16,1242719071,3099012,1363820,0.102560201
Fairholme Capital Management,2021/11/15,1529576085,81352497,29439497.57,0.11482031
Fairholme Capital Management,2022/2/14,1430835078,44420111,21796619.4,0.105563571
Fairholme Capital Management,2022/5/16,1405924087,44755646,36227876,0.101562103
Fairholme Capital Management,2022/8/15,1282254929,19872240,14239275,0.091987076
Fairholme Capital Management,2022/11/14,1139185425,11456704,8201774.4,0.081160719
Fairholme Capital Management,2023/2/14,1393553269,6882200,26436371.74,0.0958509
Fairholme Capital Management,2023/5/15,1201574768,1036800,53735574,0.086470901
Fairholme Capital Management,2023/8/14,1641537099,6183936,86077377,0.110624158
Fairholme Capital Management,2023/11/14,1290035103,17134320,54278201,0.094476331
Goldentree Asset Management,2014/2/14,380523782.3,0,0,0.1
Goldentree Asset Management,2014/5/15,276666361.7,34945862.31,96351085.6,-0.381053094
Goldentree Asset Management,2014/8/14,315802006,21138391.74,52031671.35,0.165138802
Goldentree Asset Management,2014/11/17,235110758,28321940.14,27352219.26,-0.21287403
Goldentree Asset Management,2015/2/18,193165601.3,18023524.49,15333967.53,-0.310455333
Goldentree Asset Management,2015/5/15,196365451,61697242.44,22539310.2,-0.368133919
Goldentree Asset Management,2015/8/14,197190765.9,4690010.46,38094695.11,-0.226502644
Goldentree Asset Management,2015/11/16,187819599.1,63985268.38,25109426.21,-0.309750782
Goldentree Asset Management,2016/2/12,84568378.08,3284815.8,50271089.2,-0.409763998
Goldentree Asset Management,2016/5/16,103224647.5,975054.55,0,-0.335988579
Goldentree Asset Management,2016/8/15,119047977.7,0,0,-0.277086745
Goldentree Asset Management,2016/11/14,90005452.31,809520.12,62423225,-0.19657094
Goldentree Asset Management,2017/2/15,208598778.5,6457567.41,3314884.31,-0.026523366
Goldentree Asset Management,2017/5/15,160132876.2,12492472.1,50118827.67,-0.03714004
Goldentree Asset Management,2017/8/14,190432556.5,4490713.4,21883708,0.013002219
Goldentree Asset Management,2017/11/14,307372496.9,5127574.1,36207938.97,0.126123921
Goldentree Asset Management,2018/2/14,516866948.5,169616684,28416928,0.1604204
Goldentree Asset Management,2018/5/14,492185925,118934284.5,47179688.12,0.096205918
Goldentree Asset Management,2018/8/14,300900328.5,15674293.93,47905145.79,-0.02135764
Goldentree Asset Management,2018/11/14,301721055.3,60021434.62,25425429.32,-0.049062134
Goldentree Asset Management,2019/2/14,676876795.6,68661904.92,9077215.05,0.135225737
Goldentree Asset Management,2019/5/15,306172817.8,23439870.6,5473051.63,-0.108948532
Goldentree Asset Management,2019/8/14,341326009.6,93311886.95,13810542.96,-0.148108489
Goldentree Asset Management,2019/11/14,374360261.6,0,61863261.46,-0.051971874
Goldentree Asset Management,2020/2/13,475416254.7,118196722.8,14107011.12,-0.050680029
Goldentree Asset Management,2020/5/15,458548068.3,152409099.8,0,-0.191586639
Goldentree Asset Management,2020/8/14,650653582.7,4012512,85150660.25,0.00837707
Goldentree Asset Management,2020/11/13,770609361.5,47340716.63,173695509.3,0.089598632
Goldentree Asset Management,2021/2/16,1101728848,194994701.2,226716666.6,0.162859182
Goldentree Asset Management,2021/5/14,732294136.7,53355200.72,508698760.7,0.170254015
Goldentree Asset Management,2021/8/13,1067639451,62416832.92,187211764.7,0.22577686
Goldentree Asset Management,2021/11/15,1157038297,136536743.9,186810481.3,0.234112675
Goldentree Asset Management,2022/2/14,1159817260,158251447.3,150482261.6,0.227813838
Goldentree Asset Management,2022/5/16,1110509429,199012003.8,119534106.2,0.21012312
Goldentree Asset Management,2022/8/15,1096232895,127232060.1,142979037,0.205223214
Goldentree Asset Management,2022/11/14,1075254886,73102185.24,124273358.5,0.203263686
Goldentree Asset Management,2023/2/14,979576913.3,65674021.9,296613803.1,0.210130033
Goldentree Asset Management,2023/5/11,887889203,16880072.16,216217389.7,0.214768062
Goldentree Asset Management,2023/8/9,997946780.6,96549418.14,145112668.5,0.222433283
Goldentree Asset Management,2023/11/13,761664578.1,159656850.1,123633430.6,0.200967701
SIR Capital Management,2014/2/14,490606590.6,0,0,0.1
SIR Capital Management,2014/5/15,536767345.3,171280587.7,83294685,-0.303283441
SIR Capital Management,2014/8/14,528652034.3,89426520.97,117370267,-0.081134713
SIR Capital Management,2014/11/14,594728431.8,128359889.9,86710611.3,0.00602049
SIR Capital Management,2015/2/17,347617553.1,69889168.98,124270056,-0.339306677
SIR Capital Management,2015/5/15,644458564.5,85889641.73,42629534,0.091272097
SIR Capital Management,2015/8/14,888639196.2,113395122,95762404.39,0.3251516
SIR Capital Management,2015/11/16,683340558.4,223159610.1,99958581.11,-0.039806074
SIR Capital Management,2016/2/12,1330320589,59136295.47,173841265.9,0.507250719
SIR Capital Management,2016/5/16,1759790982,64967754.76,102384423.1,0.648701877
SIR Capital Management,2016/8/15,2037811449,151564745.8,132922610.1,0.657282941
SIR Capital Management,2016/11/14,1920013716,83715295.32,668996005.7,0.707504882
SIR Capital Management,2017/2/14,693755292.8,50943587.05,155069797.2,0.34880062
SIR Capital Management,2017/5/15,715096697.1,264575748.8,96762589,0.2863368
SIR Capital Management,2017/8/14,711837374.3,198755656.9,91968898.16,0.237185166
SIR Capital Management,2017/11/14,814297250.6,77573677.75,129337699.2,0.270318126
SIR Capital Management,2018/2/14,399793019.2,130141740.4,137801332.5,0.132510521
SIR Capital Management,2018/5/15,653378289.2,147439048.4,103319144.4,0.194551784
SIR Capital Management,2018/8/14,865718293.5,20762258.44,104395801.8,0.257253712
SIR Capital Management,2018/11/14,1171832627,494395659,44097348.88,0.216608119
SIR Capital Management,2019/2/14,549277915.1,32569905.56,408598959.6,0.145861182
SIR Capital Management,2019/5/15,628097486.2,234858040.6,41200170.12,0.109498509
SIR Capital Management,2019/8/14,450714971,20220133.18,88371375.14,0.071233551
SIR Capital Management,2019/11/14,359059676.4,85064804.02,69919946.77,0.030367676
SIR Capital Management,2020/2/14,408434553.3,83561792.3,19595342.08,0.023575968
SIR Capital Management,2020/5/15,268921852.9,52696162.11,79177852.84,-0.028516921
SIR Capital Management,2020/8/14,319450483.6,56310402.85,67360300.17,0.001415825
SIR Capital Management,2020/11/16,298081442.7,35623588.78,44825983.73,-0.003729906
SIR Capital Management,2021/2/16,468863692.1,60292683.33,69302742.94,0.056071738
SIR Capital Management,2021/5/17,441884317.5,29039371.3,107738404.5,0.067439651
SIR Capital Management,2021/8/16,405383810.3,53080913.52,84418056.76,0.064538221
SIR Capital Management,2021/11/15,567754962.5,65049841.71,96695795.04,0.101679289
SIR Capital Management,2022/2/14,573347400.3,93333244.39,181889580.2,0.114381969
SIR Capital Management,2022/5/16,493473189.3,24193934.46,259159134.3,0.133124647
SIR Capital Management,2022/8/15,621809612.9,178685016.7,48762052.5,0.131042667
SIR Capital Management,2022/11/14,616817552.1,72420815.67,202164146.3,0.142740917
SIR Capital Management,2023/2/14,863270984.5,290815861.1,66635172.56,0.142859671
SIR Capital Management,2023/5/15,762408876.4,154333635.8,96486762.12,0.123328571
SIR Capital Management,2023/8/11,846594606.1,79685853.44,131471953.8,0.135063801
SIR Capital Management,2023/11/14,699649436.6,112924609,210170538.7,0.127583584
Robotti Robert,2014/2/14,161102638.6,0,0,0.1
Robotti Robert,2014/5/15,151453595.6,3075864.62,7318727.27,-0.129275493
Robotti Robert,2014/8/8,150704496.9,1789665.62,5264902.22,-0.034827343
Robotti Robert,2014/11/14,126099645.9,173995.5,17374173.07,-0.084962325
Robotti Robert,2015/2/18,130642286.4,12619293.91,4138389.72,-0.091695389
Robotti Robert,2015/5/15,145148737.3,19456.19,2961315.49,0.018237336
Robotti Robert,2015/8/17,128265188.5,256784.1,9464954.37,-0.019087
Robotti Robert,2015/11/16,114038843.8,5199221.38,11166988.57,-0.049704993
Robotti Robert,2016/2/16,93095660.36,6409518.24,8243329.38,-0.116941358
Robotti Robert,2016/5/16,150981161.3,36320179.83,6820702.1,-0.010185344
Robotti Robert,2016/8/11,272005375.7,18593974.69,21919479.67,0.276963935
Robotti Robert,2016/11/9,275061047.4,88297818.98,5196029.75,0.095915982
Robotti Robert,2017/2/14,364379869.3,70137028.18,2317138.96,0.122374959
Robotti Robert,2017/5/11,296498979.3,753312.94,3465674.25,-0.004955724
Robotti Robert,2017/8/9,297730863.4,3776602.92,709304.46,-0.007439059
Robotti Robert,2017/11/13,247231639,4759599.44,113188735.5,0.07262652
Robotti Robert,2018/2/8,259854642.8,467146.35,6799682.81,0.089389849
Robotti Robert,2018/5/15,270045426.2,2171496.25,4571548.63,0.096109702
Robotti Robert,2018/8/7,269213623.3,6755385.73,8386979.58,0.09148765
Robotti Robert,2018/11/14,219048456.4,1767574.88,4750349.42,0.041599445
Robotti Robert,2019/2/15,205906455.1,14768193.36,19661648.34,0.031461874
Robotti Robert,2019/5/14,179929309.2,2191685.84,4699929.71,0.00716268
Robotti Robert,2019/8/14,182814493.9,9218712.79,6602785.3,0.007109526
Robotti Robert,2019/11/14,207632123.9,5653365.67,3415504.14,0.026896576
Robotti Robert,2020/2/14,217090543.9,12060151.33,12983792.7,0.034071052
Robotti Robert,2020/5/15,120848896.2,5023930.25,7392578.42,-0.054152982
Robotti Robert,2020/8/14,198884263.9,644726.34,9959536.06,0.026680951
Robotti Robert,2020/11/16,202222309.9,5990585.15,17061329.93,0.035727055
Robotti Robert,2021/2/16,259206543.4,2880881.06,11640113.43,0.073100806
Robotti Robert,2021/5/17,366343164.4,56345080.82,3881292.98,0.096727825
Robotti Robert,2021/8/16,366486801.2,5890288.95,13664287.94,0.096472279
Robotti Robert,2021/11/15,440992896,1170288.62,3048498.69,0.121295409
Robotti Robert,2022/2/14,402408542.1,8364024.55,40366789.76,0.114981873
Robotti Robert,2022/5/16,423671664.4,20341375.02,9712599.7,0.114845255
Robotti Robert,2022/8/12,422481085.5,13336465.61,10134691.02,0.110113415
Robotti Robert,2022/11/14,453999495.3,31088658.33,10534114.55,0.109951845
Robotti Robert,2023/2/14,544031631.7,20191544.13,20024279.82,0.129875068
Robotti Robert,2023/5/12,561247763.2,6707080.41,29857837.68,0.135267164
Robotti Robert,2023/8/14,615733913.3,7176835.35,89331493.45,0.157557932
Robotti Robert,2023/11/14,591230948.9,21989091.69,15038438.33,0.148273982
Encompass Capital Advisors,2014/2/14,788359442.7,0,0,0.1
Encompass Capital Advisors,2014/5/15,252037847.2,8259591.95,28627407.68,-0.986562203
Encompass Capital Advisors,2014/8/14,106681836,6041952,0,-0.981792821
Encompass Capital Advisors,2014/11/14,152382679.9,8333517.78,2099204.37,-0.891831242
Encompass Capital Advisors,2015/2/17,175383971.7,19529769.5,19288019.98,-0.775748996
Encompass Capital Advisors,2015/5/15,673783737.5,30249538.66,0,-0.143852698
Encompass Capital Advisors,2015/8/14,380746509.3,3784480.53,9410999.4,-0.405181834
Encompass Capital Advisors,2015/11/16,568153675,50823569.09,7921414.96,-0.221353086
Encompass Capital Advisors,2016/2/16,821202439.8,36247624.95,4636746.88,-0.037362078
Encompass Capital Advisors,2016/5/16,446587559.1,28179299.04,407718810,-0.030108973
Encompass Capital Advisors,2016/8/15,96085931,861909,39343953.82,-0.227475763
Encompass Capital Advisors,2016/11/14,143012417,0,5318750,-0.183117363
Encompass Capital Advisors,2017/2/14,188477044.6,14351036.4,16905912,-0.14476145
Encompass Capital Advisors,2017/5/15,214229414.6,0,20549783.45,-0.11120963
Encompass Capital Advisors,2017/8/14,536641081.9,23159885.76,6808944.97,0.034752009
Encompass Capital Advisors,2017/11/14,580975426,17860361.2,39451190.13,0.056066695
Encompass Capital Advisors,2018/2/14,584532914.3,15846408.73,60588091,0.068591532
Encompass Capital Advisors,2018/5/15,1300328479,9917835.6,107927889,0.241340273
Encompass Capital Advisors,2018/8/14,783594517.2,103563570.4,89747492.63,0.13303797
Encompass Capital Advisors,2018/11/14,1344434227,20938207.36,32093205.14,0.226047807
Encompass Capital Advisors,2019/2/14,679559309.5,163026365.3,12186024.65,0.069629559
Encompass Capital Advisors,2019/5/15,1684719249,53594932.97,133225040,0.239884568
Encompass Capital Advisors,2019/8/14,553699811.5,39142266.85,21611348.22,0.049589972
Encompass Capital Advisors,2019/11/14,695832705.4,99181004.51,50998540.59,0.069105646
Encompass Capital Advisors,2020/2/14,715568568.2,84149861.94,47024681.31,0.063102562
Encompass Capital Advisors,2020/5/15,678051226.2,85350972.93,15050401.2,0.037681655
Encompass Capital Advisors,2020/8/14,556996961.9,67765357.65,45352469.63,0.000661423
Encompass Capital Advisors,2020/11/16,638548701.1,59837548.38,96796677.66,0.02947929
Encompass Capital Advisors,2021/2/16,904753144.6,63926782.52,118573854.4,0.085176529
Encompass Capital Advisors,2021/5/17,783541663.6,40663376.29,208834922.2,0.089146285
Encompass Capital Advisors,2021/8/16,712602559.4,93986791.78,158158726.4,0.086013411
Encompass Capital Advisors,2021/11/15,732073975.7,48750080.13,120532324.4,0.095509237
Encompass Capital Advisors,2022/2/14,740785084,33599414.49,50048557.03,0.096464206
Encompass Capital Advisors,2022/5/16,867147567.1,131500474.6,146024633.1,0.109380651
Encompass Capital Advisors,2022/8/15,1393748131,248426419.9,51399977.42,0.135745132
Encompass Capital Advisors,2022/11/14,1730331285,316773625.1,202410577.4,0.148204157
Encompass Capital Advisors,2023/2/14,1593069806,264518639.4,146258730.6,0.126434357
Encompass Capital Advisors,2023/5/15,1345886075,165041922.6,143360886.5,0.101590182
Encompass Capital Advisors,2023/8/14,1578909864,194002724.4,65160875.9,0.107365442
Encompass Capital Advisors,2023/11/14,1286425176,58329146.7,233672117.4,0.094850411
Elm Ridge Management,2014/2/14,1521266045,0,0,0.1
Elm Ridge Management,2014/5/15,1792431512,68589214.49,170733768.1,1.435130976
Elm Ridge Management,2014/8/14,442307344.3,12759602.92,40487043.65,-0.880652177
Elm Ridge Management,2014/11/14,450518542.6,65566051.39,17750831.86,-0.793417956
Elm Ridge Management,2015/2/17,382351479.8,27985594.29,57703552.13,-0.71337163
Elm Ridge Management,2015/5/15,319246925.7,8435579.37,22266984.73,-0.675830586
Elm Ridge Management,2015/8/14,281525576.1,27039998.11,12418937.37,-0.654514822
Elm Ridge Management,2015/11/16,318937468.9,19843382.27,986833.44,-0.581978696
Elm Ridge Management,2016/2/16,241510725.4,12659283.8,22440079.74,-0.585996702
Elm Ridge Management,2016/5/16,565375308.9,10257304.35,27558117.13,-0.325588764
Elm Ridge Management,2016/8/15,561778554.3,0,90965816.71,-0.259006363
Elm Ridge Management,2016/11/14,624455428.4,4282050.6,37878293.36,-0.202733496
Elm Ridge Management,2017/2/14,746667962.1,2305095.55,20250531.54,-0.141408462
Elm Ridge Management,2017/5/15,546120750.2,45256932.95,19121161.41,-0.210648771
Elm Ridge Management,2017/8/14,406188344.2,3457591.84,23718476.37,-0.24664058
Elm Ridge Management,2017/11/14,357345981,5950691.73,34994179.37,-0.243064859
Elm Ridge Management,2018/2/14,396337403.7,55550045.6,15558577,-0.233008345
Elm Ridge Management,2018/5/15,532644919.1,57135429.75,9105863.12,-0.18895324
Elm Ridge Management,2018/8/14,444803697.9,5839231.46,10755535.05,-0.209557784
Elm Ridge Management,2018/11/14,353849042.1,5942387.19,7381130.87,-0.236183198
Elm Ridge Management,2019/2/14,270775889.5,4363099.53,2853773.73,-0.266481799
Elm Ridge Management,2019/5/15,212514184.5,524643.24,69664735.65,-0.250226604
Elm Ridge Management,2019/8/14,145857220.6,3409274.82,2794260.68,-0.280403536
Elm Ridge Management,2019/11/14,178171863.8,25359243.31,10968810.66,-0.261919943
Elm Ridge Management,2020/2/14,184053164.7,2919128.73,8099780.75,-0.247852846
Elm Ridge Management,2020/5/15,40037618.35,2530107.91,13375365.96,-0.348221037
Elm Ridge Management,2020/8/14,28633182.72,884974.85,5977363.46,-0.35149832
Elm Ridge Management,2020/11/16,32383868.85,2730652.64,2551681.4,-0.341355878
Elm Ridge Management,2021/2/16,36457918.41,3440098.95,5713725.91,-0.327171421
Elm Ridge Management,2021/5/17,48756528.17,1419319.11,3144090.68,-0.30421624
Elm Ridge Management,2021/8/16,49985152.64,2640764.24,4361960.39,-0.295602949
Elm Ridge Management,2021/11/15,61094597.71,6057729.61,4532420.43,-0.280059048
Elm Ridge Management,2022/2/14,68372949.91,1479318.56,6568214.77,-0.262798406
Elm Ridge Management,2022/5/16,74158005.93,9432181.56,10385981.86,-0.252064607
Elm Ridge Management,2022/8/15,84715891.55,12558593.14,4254507.92,-0.245553849
Elm Ridge Management,2022/11/14,87767536.21,6127406.87,6040522.73,-0.238157739
Elm Ridge Management,2023/2/14,89090694.21,8574679.65,5490716.67,-0.234769284
Elm Ridge Management,2023/5/15,70457836.65,3966578.24,3034496.47,-0.247568051
Elm Ridge Management,2023/8/14,70323189.19,1744872.4,9962569.23,-0.235083483
Elm Ridge Management,2023/11/14,65632261.34,1434144.5,5567837.16,-0.231377856
Point72 Asset Management,2014/8/14,10676445578,0,0,0.1
Point72 Asset Management,2014/11/14,8861742733,2248330705,3630391144,-0.15135908
Point72 Asset Management,2015/2/17,8962931900,2383807295,3299819365,0.117460926
Point72 Asset Management,2015/5/15,35243633432,2259406270,3453990403,5.049974465
Point72 Asset Management,2015/8/14,16026704010,2668719388,33171109275,4.159166329
Point72 Asset Management,2015/11/16,8680145114,2405610095,2256674714,3.11524591
Point72 Asset Management,2016/2/16,7239113018,1955155343,2532958782,2.894776366
Point72 Asset Management,2016/5/16,9503506266,2575410304,2459773727,2.869264105
Point72 Asset Management,2016/8/15,10266195332,2281214571,2452827812,2.797837793
Point72 Asset Management,2016/11/14,11050507222,2913763358,2636347752,2.73342815
Point72 Asset Management,2017/2/14,9275112871,2222744968,5456502212,2.694896909
Point72 Asset Management,2017/5/15,11955707397,4445797996,2386889795,2.666314277
Point72 Asset Management,2017/8/14,10782440333,3069611862,4109694260,2.632042467
Point72 Asset Management,2017/11/14,12848704188,3587077255,3157602610,2.618585135
Point72 Asset Management,2018/2/14,14196253409,3603746267,4040162733,2.606265126
Point72 Asset Management,2018/5/15,16258592481,5532255100,4506063089,2.593941082
Point72 Asset Management,2018/8/14,17957504067,7090000432,5311537020,2.58066268
Point72 Asset Management,2018/11/14,13944243462,3239376492,6229050368,2.56823684
Point72 Asset Management,2019/2/14,16005472342,5274442987,4183000286,2.563213346
Point72 Asset Management,2019/5/15,14788358528,4290895586,4888465141,2.557603451
Point72 Asset Management,2019/8/14,12806464500,3426833677,5061774472,2.553894705
Point72 Asset Management,2019/11/15,13193439385,4545311073,4435735520,2.551767827
Point72 Asset Management,2020/2/14,14651870038,4470706211,4194736935,2.550510899
Point72 Asset Management,2020/5/15,10855441843,2245257769,3369143816,2.548503917
Point72 Asset Management,2020/8/14,12534371236,3474542510,4594852440,2.548281216
Point72 Asset Management,2020/11/16,16064186236,3470994673,3440725118,2.548107024
Point72 Asset Management,2021/2/16,16833245590,3805826728,5909170723,2.547806226
Point72 Asset Management,2021/5/17,16261488493,4408768918,4241134602,2.547325687
Point72 Asset Management,2021/8/16,15685634049,3484490960,3673669152,2.546999469
Point72 Asset Management,2021/11/15,18718845028,4527248281,3549530689,2.54685985
Point72 Asset Management,2022/2/14,17417447600,4493526550,4438807997,2.546635223
Point72 Asset Management,2022/5/16,16948175818,5108308527,3669445596,2.546469927
Point72 Asset Management,2022/8/15,21468621388,6756837300,4088929281,2.546406008
Point72 Asset Management,2022/11/14,22525456526,6009879952,4964798403,2.546322402
Point72 Asset Management,2023/2/14,24642433291,7470326582,6195064694,2.546264145
Point72 Asset Management,2023/5/15,24794960694,5559644634,7619691279,2.546226028
Point72 Asset Management,2023/8/14,25093546216,7168503855,8560268729,2.546195386
Point72 Asset Management,2023/11/14,25905659480,8580972662,6855449853,2.546164706
Altarock Partners,2015/2/17,76482207.94,0,0,0.1
Altarock Partners,2015/5/14,127707117.2,45223476.68,0,0.377973056
Altarock Partners,2015/8/14,194533641.1,60058944.82,0,0.281916896
Altarock Partners,2015/11/12,255252162.2,69637228.29,251871,0.044249267
Altarock Partners,2016/2/8,254051138.3,25240583.4,0,-0.142286747
Altarock Partners,2016/5/13,317561994.1,27269798.26,0,0.061599813
Altarock Partners,2016/8/15,409255623,0,88423935.03,0.609901504
Altarock Partners,2016/11/14,481282363.2,0,2726757.48,0.661608262
Altarock Partners,2017/2/14,524049809.9,50516462.44,34430133,0.595129504
Altarock Partners,2017/5/15,480458875,469450,45341041.28,0.508079475
Altarock Partners,2017/8/11,559306463.7,19863241.74,0,0.518478022
Altarock Partners,2017/11/14,513118856.3,19496796.39,60739113.2,0.451694366
Altarock Partners,2018/2/13,588958130.4,72852163.8,37335247.43,0.443580508
Altarock Partners,2018/5/14,858928959.5,41244356.4,16947200,0.567506523
Altarock Partners,2018/8/13,948919851.8,31880405.36,0,0.545417338
Altarock Partners,2018/11/13,997138371.2,57750190,6910974,0.495397455
Altarock Partners,2019/2/14,951728705.2,104225489.3,2140257.5,0.38590139
Altarock Partners,2019/5/14,1031234176,0,0,0.3861777
Altarock Partners,2019/8/14,1146956215,35449611.76,19906367.67,0.390252046
Altarock Partners,2019/11/15,1234403222,61457066.72,125058305.1,0.405008001
Altarock Partners,2020/2/13,1413194453,0,0,0.422193666
Altarock Partners,2020/5/13,1346763478,254515841,9530500,0.318217834
Altarock Partners,2020/8/13,1611703719,139139183.8,208894041.2,0.370739637
Altarock Partners,2020/11/13,1695895659,18231127.46,63409574.3,0.37003147
Altarock Partners,2021/2/16,1726833296,0,432210345.3,0.416044276
Altarock Partners,2021/5/14,2090320547,239187114.2,43154104.52,0.418200777
Altarock Partners,2021/8/13,2904871481,340797266.4,0,0.446237321
Altarock Partners,2021/11/15,3039987054,348111886.2,154144146.2,0.41618889
Altarock Partners,2022/2/14,2440536331,140444227.3,308536054.2,0.352698447
Altarock Partners,2022/5/13,1914564388,274506122.3,406829585.3,0.293611252
Altarock Partners,2022/8/12,2591312791,469861682.7,28414833.57,0.304639335
Altarock Partners,2022/11/14,2264625507,137221845.5,93094033.76,0.249300498
Altarock Partners,2023/2/13,2591959073,232728514.5,151224909.5,0.260890737
Altarock Partners,2023/5/15,2807949178,46493428.15,94297445,0.270209534
Altarock Partners,2023/8/14,2998490036,0,146493766.1,0.282171374
Altarock Partners,2023/11/13,3196515549,68472843.34,146733302.8,0.287490913
Stilwell Value,2015/5/12,73835430.28,0,0,0.1
Stilwell Value,2015/8/12,75523627.33,264000,1020787.85,0.137972053
Stilwell Value,2015/11/12,77677014.08,0,319949.79,0.137179056
Stilwell Value,2016/2/12,69560065.95,66050,488370.32,-0.049835309
Stilwell Value,2016/5/13,72224102.95,586084.4,0,-0.00951426
Stilwell Value,2016/8/12,82394233.29,95186.48,1850900.46,0.120761211
Stilwell Value,2016/10/26,82778652.19,3052248.94,4670841.5,0.121207791
Stilwell Value,2017/1/19,62976983.63,3327406.2,9683254.2,-0.001760175
Stilwell Value,2017/5/9,63863962.14,0,2501917.66,0.022180347
Stilwell Value,2017/7/24,55795554.68,773478.15,3164888.62,-0.016418312
Stilwell Value,2017/10/30,54209967.27,1400217.3,3162730.49,-0.013857282
Stilwell Value,2018/1/26,53343357.32,1353430,4024550.42,-0.00285415
Stilwell Value,2018/5/10,58087296.3,0,487009.66,0.023111188
Stilwell Value,2018/8/7,64774655.26,0,794981.6,0.05392912
Stilwell Value,2018/10/26,62505852.59,0,493214.2,0.043981676
Stilwell Value,2019/2/6,83856078.47,11136615.4,2469204.5,0.085461005
Stilwell Value,2019/5/14,75975948.73,0,395450,0.05608285
Stilwell Value,2019/8/6,93271391.51,0,483945,0.104028862
Stilwell Value,2019/10/29,85348039.15,209160,11876535.25,0.107924358
Stilwell Value,2020/2/12,81074920.84,0,1731274.09,0.096242616
Stilwell Value,2020/5/8,56304829.12,679322.94,917826.5,0.030690198
Stilwell Value,2020/7/14,59741565.69,2748950.5,2158234.24,0.037584594
Stilwell Value,2020/11/13,64785583.6,2391595.29,1826217,0.046793934
Stilwell Value,2021/2/16,81040764.95,2667556.3,242937.9,0.074731727
Stilwell Value,2021/5/17,100448144,622199.22,5802642.12,0.114393227
Stilwell Value,2021/8/6,83008226.54,2000095.36,621954.83,0.080210434
Stilwell Value,2021/10/18,103874640,3307311.25,2020324.13,0.108740167
Stilwell Value,2022/2/11,100157173.2,194668.5,6109748.22,0.107031731
Stilwell Value,2022/5/13,90119303.19,202009.5,3910945.82,0.095218727
Stilwell Value,2022/8/12,91803605.39,2000918,2139715.96,0.094899769
Stilwell Value,2022/11/14,87324011.24,682752.75,2282295,0.088487198
Stilwell Value,2023/2/10,68753653.23,734206.13,22647169.38,0.090382913
Stilwell Value,2023/5/15,59629218.43,5558606.22,3094165.8,0.074051244
Stilwell Value,2023/8/11,58781487.56,11724423.99,24411916.24,0.087149707
Stilwell Value,2023/11/13,55587746.02,3715417.44,177410.73,0.077912868
Scion Asset Management,2016/2/16,51338821.9,0,0,0.1
Scion Asset Management,2016/5/16,35745691.5,1950500,3733194.96,-0.719394847
Scion Asset Management,2016/8/15,36024659.5,1349000,0,-0.506487943
Scion Asset Management,2016/11/14,11223700,0,0,-0.872626201
Scion Asset Management,2019/2/14,78025667.84,0,0,0.153370244
Scion Asset Management,2019/5/15,63765806.82,2579171.18,8533051.48,0.101956964
Scion Asset Management,2019/8/14,68212362.02,12079172.04,1350600,0.065575828
Scion Asset Management,2019/11/14,30757540,199841.46,64880,-0.166059574
Scion Asset Management,2020/2/14,38925000.98,0,6903989.02,-0.052915705
Scion Asset Management,2020/5/15,62174750,7630500,0,0.025002796
Scion Asset Management,2020/8/14,75292607.3,0,23389500,0.143022094
Scion Asset Management,2020/11/16,133812117,12218627.54,7787364,0.251504973
Scion Asset Management,2021/2/16,130396945.3,4140500,25221750,0.267058478
Scion Asset Management,2021/5/17,100596575.9,5575425.63,21149000,0.234539773
Scion Asset Management,2021/8/16,77189069.2,13097369.2,0,0.166028743
Scion Asset Management,2021/11/15,46417341.56,0,23157658.44,0.146606924
Scion Asset Management,2022/2/14,57995347.98,1395751.74,2010418.2,0.164933449
Scion Asset Management,2022/5/16,120817482,0,0,0.243068552
Scion Asset Management,2022/8/15,3414261.6,0,0,0.045060177
Scion Asset Management,2022/11/14,44791712.04,12886037.1,0,0.11133085
Scion Asset Management,2023/2/14,52471455.41,0,18976855.3,0.151993776
Scion Asset Management,2023/5/15,82440505.06,10695000,6398892.2,0.181212648
Scion Asset Management,2023/8/14,85440287.64,4268522.9,11314100,0.187993644
Scion Asset Management,2023/11/14,38877712.76,11452731.26,2021532.63,0.115980061
Appaloosa,2016/5/13,3213484167,0,0,0.1
Appaloosa,2016/8/12,2452839262,83559866.71,430406135.2,-0.424726359
Appaloosa,2016/11/14,2061934903,50078100,661409453.6,-0.121830623
Appaloosa,2017/2/14,2934071300,353268705.6,232350632.5,0.270806236
Appaloosa,2017/5/12,3438573663,505572959.2,318962556.8,0.324255755
Appaloosa,2017/8/14,4241610621,514849982.6,485948145.7,0.46353484
Appaloosa,2017/11/14,4883044379,740741413.7,554472628.5,0.469148304
Appaloosa,2018/2/14,6938184778,2332355556,646062478.6,0.448940131
Appaloosa,2018/5/15,7831831573,1146833541,1375182426,0.503653007
Appaloosa,2018/8/14,7180572144,497986384.6,994506506.5,0.408736683
Appaloosa,2018/11/14,5014357010,973837945.7,1293450698,0.182471225
Appaloosa,2019/2/14,2142755728,102066384.9,2357356906,0.104452471
Appaloosa,2019/5/15,2622616988,554085730.4,45667201.04,0.096865856
Appaloosa,2019/8/14,1471943158,30333650,1072625473,0.081966064
Appaloosa,2019/11/14,2224545108,481618558.3,36180203.88,0.104886221
Appaloosa,2020/2/14,3213378637,470007405.4,90627821.16,0.144317895
Appaloosa,2020/5/15,2358785225,74694603.4,236491094,0.09002382
Appaloosa,2020/8/14,4788225663,1124402214,180016778,0.176004547
Appaloosa,2020/11/16,5003047561,1022929809,1049933367,0.177799768
Appaloosa,2021/2/16,5539566663,248435633.4,1095167413,0.224714701
Appaloosa,2021/5/17,6128295393,63121614,1015866421,0.264377936
Appaloosa,2021/8/16,4161035854,45926590.83,1802635603,0.248352109
Appaloosa,2021/11/15,3736599580,267812466.3,350895348.1,0.232654728
Appaloosa,2022/2/14,2747244098,159412933.4,304968546.4,0.20367549
Appaloosa,2022/5/16,1606290129,63140210,820687428.9,0.188866328
Appaloosa,2022/8/15,1542555403,274865646.1,531588171.6,0.192301842
Appaloosa,2022/11/14,1316664191,180972500,76736014,0.18142008
Appaloosa,2023/2/14,1351513592,42069850,84928504.32,0.181986208
Appaloosa,2023/5/15,1804088549,290692850,35930419.27,0.185523674
Appaloosa,2023/8/14,5281612785,1725825700,212133093.5,0.224480113
Appaloosa,2023/11/14,5401631375,533033000,314577200,0.217958471
Horizon Kinetics Asset Management,2019/5/15,3998912747,0,0,0.1
Horizon Kinetics Asset Management,2019/8/14,3552913387,14089105.81,111451992.8,-0.306414689
Horizon Kinetics Asset Management,2019/11/14,3129968907,47474179.33,231382027.7,-0.274910766
Horizon Kinetics Asset Management,2020/2/14,3481005207,12284122.17,191106710.5,-0.019770558
Horizon Kinetics Asset Management,2020/5/13,2338698494,79593594.27,73800002.62,-0.320426679
Horizon Kinetics Asset Management,2020/8/14,2731131754,119041001.8,207900226.9,-0.158471374
Horizon Kinetics Asset Management,2020/11/16,2629251253,33711413.44,140757539.5,-0.134198984
Horizon Kinetics Asset Management,2021/2/16,3105490138,19474896.23,148909528.9,-0.017861226
Horizon Kinetics Asset Management,2021/5/11,4087164088,57671895.17,129169777.6,0.12312628
Horizon Kinetics Asset Management,2021/8/16,3998593118,294703105.8,35684887.24,0.070618635
Horizon Kinetics Asset Management,2021/11/15,3833612147,46628834.17,31115066.55,0.044876311
Horizon Kinetics Asset Management,2022/2/15,3417035850,91691163.11,59240492.47,-0.003900193
Horizon Kinetics Asset Management,2022/5/13,3868570278,207182428.1,31674350.13,0.022115218
Horizon Kinetics Asset Management,2022/8/5,4408493037,110383673.6,72940604.84,0.060801657
Horizon Kinetics Asset Management,2022/11/14,5829578169,44399338.49,139541804.4,0.150776226
Horizon Kinetics Asset Management,2023/2/7,24773667938,19992345158,151748873.8,0.090812962
Horizon Kinetics Asset Management,2023/5/12,3900001366,31408753.82,22606137844,0.137594695
Horizon Kinetics Asset Management,2023/8/14,4548876147,9641801.66,147897373.4,0.160890068
Horizon Kinetics Asset Management,2023/11/14,3974119098,4143397.85,138307150.7,0.140543198
